row,text,prediction,actual,has_truth
1,Afghans Say Trouble Inevitable But Won't Stop Vote.  KABUL (Reuters) - Afghan President Hamid Karzai vowed on  Thursday that a historic presidential election would go ahead  in two days' time and reflect the people's wishes despite  inevitable attempts by Taliban fighters to derail the vote.,World,World,True
2,Crunch time on poverty. The annual meetings of the World Bank and the International Monetary Fund (IMF) in Washington later this week should be anything but routine.,Business,Business,True
4,"USC turns halftime into a science. Halftime lockerrooms are sacrosanct. Only the privileged few are allowed entry. Theyre like the situation room at the White House, only with tighter security.",SciTech,Sports,True
6,"'GM cocaine grown in Colombia'. Drug growers in Colombia are using genetically modified plants to dramatically boost cocaine yields, officials say.",World,SciTech,True
8,Unocal to Settle Myanmar Lawsuits. Unocal Corp. (UCL) has agreed to settle two closely watched lawsuits accusing the US oil giant of turning a blind eye to human rights abuses that occurred during the,Business,Business,True
20,"Microsoft Launches New Media Center PC.  SEATTLE (Reuters) - Microsoft Corp. &lt;A HREF=""http://www.reuters.co.uk/financeQuoteLookup.jhtml?ticker=MSFT.O qtype=sym infotype=info qcat=news""&gt;MSFT.O&lt;/A&gt; on Tuesday  unveiled a new version of its Windows XP Media Center, adding  features such as instant messaging and high-definition  television to a personal computer designed for the living room.",SciTech,SciTech,True
26,"MEPs:  #39;Homophobic #39; justice chief must quit. Italy #39;s European commissioner-designate, Rocco Buttiglione, faced a formal call from MEPs for his resignation yesterday over his description of homosexuality as a  quot;sin quot;.",World,World,True
28,Ecclestone shrugs off challenge. London - Formula One supremo Bernie Ecclestone has shrugged off a High Court ruling that challenged the businessman #39;s control of the firm behind Grand Prix racing.,Sports,Sports,True
40,"Bucks unleash their potential. COLUMBUS - Sometimes the best way to deal with bad news is to run from it. Strap on your dancing cleats and fly a little. Maurice Clarett left Buckeye Nation backpedaling and scarlet-faced for more than a week, but Saturday came soon enough.",Sports,Sports,True
41,Intel and AMD battle for dual-core chips. Advanced Micro Devices (AMD) showcased its dual-core x86 Opteron microprocessor this week. The upcoming dual-core CPU for the enterprise enviornment is expected to debut in mid-2005 and was housed in a HP ProLiant DL585 server.,SciTech,SciTech,True
47,"Delta Pilots Vote to Accept 32.5 Percent Pay Cut. Pilots at Delta Air Lines overwhelmingly approved a new five-year contract today with  $1 billion in annual concessions sought by the airline, which had threatened to file for bankruptcy if the pilots did not acquiesce.",Business,Business,True
48,Oil Back Up to  $55 on US Winter Stocks. LONDON - Oil prices charged back up to  $55 a barrel this week as a fresh fall in US heating oil stocks stoked worries over winter supplies.,Business,Business,True
50,New Comet Now Visible to Naked Eye (SPACE.com). SPACE.com - A comet discovered earlier this year has now moved close enough to be visible without binoculars or telescopes by experienced observers under dark skies. It is expected to put on a modest show this month and into January.,SciTech,SciTech,True
51,"House Republicans Act to Protect DeLay (washingtonpost.com). washingtonpost.com - Emboldened by their election success, House Republicans changed their rules yesterday to allow Majority Leader Tom DeLay (Tex.) to keep his post even if a grand jury indicts him, and Senate GOP leaders continued to weigh changing long-standing rules governing filibusters to prevent Democrats from blocking President Bush's most conservative judicial nominees.",World,World,True
57,"Notice: IE  #39;worm #39; targets IOL ad supplier. Every 30th or so request for an advert was redirected to another compromised server, which in turn tried to execute the Bofra Internet Explorer exploit in an attempt to infect the user #39;s machine.",SciTech,SciTech,True
69,"Things better without Conway?. PeopleSoft Inc., in the midst of fighting a takeover bid from Oracle Corp., is  quot;in better shape quot; because of the departures of Chief Executive Craig Conway and a senior technology official, a director testified.",Business,Business,True
73,"US manufacturing activity picks up, construction surges to record &lt;b&gt;...&lt;/b&gt;. US manufacturing activity remained strong in September and construction spending surged to a record high in August, according to a pair of reports issued Friday that provided an optimistic look at the sturdiness of the economy.",Business,Business,True
80,"QBs Randall, Berlin Came Into Own (AP). AP - Virginia Tech's Bryan Randall and Miami's Brock Berlin finally have emerged from their predecessors' shadows.",Sports,Sports,True
90,TiVo hires marketing chief. Also: company announces it exceeded 2 million subscribers over Labor Day weekend.,Business,SciTech,True
93,"Unanimous vote to raise British interest rates: official minutes (AFP). AFP - The Bank of England's nine-member monetary policy committee voted unanimously to raise interest rates by 25 basis points to 4.75 percent earlier this month, official records showed.",Business,Business,True
106,European Shares Tread Water.  LONDON (Reuters) - European shares traded sideways on  Wednesday but banks were a bright spot as Britain's HBOS  rallied on relief it would not be wading into a bidding war for  domestic peer Abbey.,Business,Business,True
113,"Sales Force Automation Back in the Spotlight (NewsFactor). NewsFactor - In the hype of the CRM boom a few years ago,  sales force automation software seemed largely forgotten. Though not quite a dinosaur, it certainly was not a hot topic.",SciTech,SciTech,True
116,"Lihir Gold More Confident FY Output Target To Be Met -2-. MELBOURNE (Dow Jones)--Papua New Guinea-based miner Lihir Gold Ltd. (LIHRY) on Monday said production of 155,002 ounces of gold for the third quarter exceeded expectations.",Business,Business,True
118,"Crude prices to go up with upsurge int #39;l demand. LONDON, August 28 (IranMania) - Iran #39;s OPEC governor said Friday that the high oil prices will continue to go up if the situation in Iraq deteriorates, stressing that the Iraqi crisis has coincided with an upsurge in the global demand for crude.",Business,Business,True
121,"NC State 17, Virginia Tech 16. TA McLendon ran for 93 yards and a touchdown for North Carolina State and Virginia Tech kicker Brandon Pace missed a 43-yard field goal attempt as time expired as the Wolfpack beat the Hokies 17-16 Saturday.",Sports,Sports,True
123,"Beijing 2008 Gets New Sponsors. Anheuser-Busch and Legend Group have both signed on as sponsors of the Beijing 2008 Summer Olympic Games. Its the first time Anheuser-Busch, the maker of Budweiser, has sponsored a Summer Olympics outside",Sports,Sports,True
125,Peguero's Goal Gives Colorado Playoff Win (AP). AP - Jean Philippe Peguero scored in the 31st minute to lead the Colorado Rapids to a 1-0 victory over the Los Angeles Galaxy in an MLS Western Conference semifinal playoff game Friday night.,Sports,Sports,True
137,"U.S. groups accuse China of failing to stop intellectual property abuses (Canadian Press). Canadian Press - BEIJING (AP) - Adding to pressure for China to stop rampant product piracy, two major U.S. business groups complained Thursday that abuses are getting worse and warned that lack of patent and copyright protection is hurting high-tech investment.",World,World,True
142,RIAA Files 750 New File-trading Lawsuits. The RIAA announced it has filed 750 new lawsuits against alleged file-traders using peer-to-peer (P-to-P) software.  quot;The 750 new lawsuits were against  quot;John Doe quot; defendants not yet identified by the RIAA.,SciTech,SciTech,True
145,Md. Land Sell-Off Proposals Resisted. Key lawmakers will try to amend the state constitution to curtail the governor's ability to sell off state-owned properties -- especially land bought in the name of preservation.,SciTech,Business,True
149,Iran answer on nuke freeze not definitive-diplomat. Iran #39;s answer on Thursday to an EU demand it freeze sensitive nuclear work such as uranium enrichment was described as not too disappointing but not completely definitive by an EU diplomat familiar with the talks.,World,World,True
156,"Frances Damages NASA Space Center (AP). AP - Hurricane Frances did more damage to the Kennedy Space Center than any other storm in history, tearing an estimated 1,000 exterior panels from the Vehicle Assembly Building and leaving a checkerboard of holes, officials said Monday.",SciTech,SciTech,True
165,"Death toll rises to 66 from Chinese coal mine explosion as &lt;b&gt;...&lt;/b&gt;. Rescue workers pulled more bodies out of a mine shaft choked with toxic fumes Friday as the death toll in China #39;s worst mining accident this year rose to 66, with 82 workers missing and feared dead.",World,World,True
167,Red Sox hope Schilling doesn #39;t have to pitch again. The Boston Red Sox will try to get Curt Schilling ready for another World Series start. They certainly hope they don #39;t need to use him.,Sports,Sports,True
180,"Jones maintains innocence as IOC begins BALCO probe. SAN FRANCISCO (AFP) - Marion Jones again denied taking banned drugs to help win five gold medals at the 2000 Olympics, her latest statement coming hours after the International Olympic Committee announced a steroid probe.",Sports,Sports,True
181,"Flip Open That Cellphone: It's IM on the Move. Although it grew up on desktop PCs, instant-messaging software has gone mobile  and it looks more and more as if it has outgrown its roots in teenage chatter.",SciTech,SciTech,True
188,"Summit attracts top tech leaders. A host of high-tech big wheels, from information technology leaders to inventors and visionaries from across the region, are slated to converge for a summit in Portsmouth on Oct. 14 and 15.",SciTech,Business,True
194,"Voq smartphone arrives in US. With the economy slowly turning up, upgrading hardware has been on businesses radar in the past 12 months as their number two priority.",SciTech,SciTech,True
200,UPDATE 1-Werder come from behind for 2-1 away win. Striker Ivan Klasnic scored twice as Werder Bremen came from behind to beat Anderlecht 2-1 away in their Champions League Group G match on Wednesday.,Sports,Sports,True
218,Tokyo Stocks Climb to a Two-Week High (Reuters). Reuters - Tokyo stocks climbed to a two week high on Friday after Tokyo Electron Ltd. and other chip-related stocks were boosted by a bullish revenue outlook from industry leader Intel Corp.,Business,Business,True
225,"Fitting return for Stenson the forgotten. Henrik Stenson, a largely forgotten Swede who last won in 2001, was, in a contrary kind of way, a fitting winner of The Heritage event over the Duke #39;s course yesterday.",Sports,Sports,True
233,Nebraska holds on for victory. Nebraska capitalized on four Pittsburgh turnovers and batted down a pass in the end zone on the game's final play yesterday to preserve a 24-17 win in the first meeting of the teams since 1958.,Sports,Sports,True
243,"Fuel Rods Turned into Weapons, North Claims. North Korean Vice Foreign Minister Choe Su-hon, currently attending the UN general assemblys annual ministerial meeting, disclosed on Monday that the North has reprocessed 8,000 spent nuclear fuel rods into weapons-grade.",World,World,True
247,An Odyssey of Wealth Destruction. The Merriam-Webster dictionary defines odyssey as  quot;a long wandering or voyage usually marked by many changes of fortune. quot; For hospice care provider Odyssey Healthcare (Nasdaq: ODSY,SciTech,Business,True
252,"Chip-Maker Agere Posts Loss on Charges (AP). AP - Agere Systems Inc., which makes computer chips and software for cell phones and other devices, Tuesday said it fell to a loss for its latest quarter, hurt by charges for its restructuring plan and declining revenue.",SciTech,SciTech,True
259,"U.S. Weapons Inspector: Iraq Had No WMD. WASHINGTON - Drafts of a report from the top U.S. inspector in Iraq conclude there were no stockpiles of weapons of mass destruction, but say there are signs the fallen Iraqi President Saddam Hussein had dormant programs he hoped to revive at a later time, according to people familiar with the findings...",World,World,True
261,"Officials Blame Contractors in Tunnel Leak. The tunnel containing this city #39;s sunken highway - the crown jewel of the Big Dig, Boston #39;s mammoth  $14.6 billion highway project - is leaking because of improper construction",Sports,Business,True
265,"Prem Preview: Southampton  Middlesbrough. Next in the hot seat we have Mr Redknapp. Your first question Mr Redknapp, for 3 points, is how on earth are you going to rescue Southampton from relegation this season?",Sports,Sports,True
268,"Iraq Cleric Urges Fighters to Drop Arms. NAJAF, Iraq - Thousands of pilgrims streamed into the Imam Ali Shrine on Friday and filed out mixed with militants who had been holed up inside, leaving the holy site nearly empty after Iraq's top Shiite cleric brokered a peace deal to end three weeks of fighting in this holy city.    Hours earlier, firebrand Shiite cleric Muqtada al-Sadr issued a statement broadcast over the shrine's loudspeakers, ordering his fighters to lay down their arms and leave Najaf and neighboring Kufa...",World,World,True
275,Hospital Care by Video Camera. Intensive-care doctors monitor patients from miles away. Also: Vioxx might be responsible for more deaths than thought.... New network in southern India gives government a big boost.... and more.,World,Business,True
283,"Culpepper highlights NFC Players of the Week. New York, NY (Sports Network) - Minnesota Vikings quarterback Daunte Culpepper, Seattle Seahawks cornerback Ken Lucas and New Orleans Saints kicker John Carney were named NFC Offensive, Defensive and Special Teams Players of the Week, respectively, for",Sports,Sports,True
286,Microsoft takes on iTunes. The iPod is not  quot;compatible with only iTunes music and vice-versa quot;. You can rip music from any CD you own and any CD you buy through iTunes and load them onto the iPod.,SciTech,SciTech,True
299,"Ryanair Could Profit with High Oil - CEO (Reuters). Reuters - Europe's biggest no-frills airline, Ireland's Ryanair Holdings Plc , will turn a profit even if oil prices hit  #36;75 a barrel, Chief Executive Michael O'Leary was quoted saying on Sunday.",Business,Business,True
305,"Bentley comes home just ahead of NE-10 crowd. The Northeast-10 Conference race is entering the final third of the season, and the four teams atop the standings are separated by just a half-game.",Sports,Sports,True
318,"Oil Giveth, Oil Taketh Away. With the stock market looking to start a fourth week of gains, another drop in oil prices gave aid to some stocks Monday but pulled the rug out from under others.",Business,Business,True
331,"Growth Rate in Health Cost to Employers Slowed in '04. After years of double-digit cost increases, employers are seeing a significant slowing in the rate of growth in what they pay for employee health insurance.",Business,Business,True
335,"Orgeron to finalize deal with Rebels. Ed Orgeron, Southern California #39;s assistant head coach and defensive line coach, has agreed to become the new coach at Mississippi, USC athletic department sources have told ESPN.",Sports,Sports,True
336,"Fiat, GM to Start Mediation Over Option.  MILAN (Reuters) - The heads of Fiat SpA and General Motors  Corp. will meet face to face in a last-ditch attempt to avoid  litigation over whether the Italian group still has the right  to sell its loss-mired carmaking arm to GM.",Business,Business,True
350,"Oil prices climb towards 55 dollars. LONDON (AFP) - World oil prices marched towards 55 dollars on worries about low stocks of US heating fuel and tight crude supplies, amid strong demand ahead of the northern hemisphere winter.",Business,Business,True
352,"MS Pushes MOM 2005 out the Door. Drowned by the hoopla surrounding SP2 for Windows XP, Microsoft announced yesterday that both versions of Microsoft Operations Manager 2005 (MOM 2005) were released for manufacturing, the final step before they become officially available.",SciTech,SciTech,True
358,EU judge considers impact of Microsoft dropouts. A European Union judge has summoned all sides for a closed meeting today to consider how to handle the decision by two major opponents of Microsoft to drop out of an antitrust case against the company.,SciTech,Business,True
361,"Turin Olympic chief set to quit. The official in charge of organising the Turin 2006 Winter Olympics is set to quit because of a power struggle. The Italian government has appointed Mario Pescante to oversee the Games, to the fury of Valentino",Sports,Sports,True
364,Wales boost for Earnshaw. Mark Hughes says Robert Earnshaw #39;s move to Premiership club West Brom has improved the striker #39;s chances of being in Wales #39; starting line-up.,Sports,Sports,True
365,"Computer Associates to Fire 800, Trim Product Line (Update3). Computer Associates International Inc., the software maker operating under government oversight after an accounting scandal, will fire 800 workers, or 5 percent of its employees, as the company trims its product line.",Business,Business,True
370,"Colgate Warns, Shares Hit 4-Year Low.  By Brad Dorfman  CHICAGO (Reuters) - Colgate-Palmolive Co. &lt;A HREF=""http://www.investor.reuters.com/FullQuote.aspx?ticker=CL.N target=/stocks/quickinfo/fullquote""&gt;CL.N&lt;/A&gt; on Monday  issued its first formal profit warning in almost a decade,  saying earnings will fall well short of Wall Street forecasts  due to higher marketing spending, sending its shares down 11  percent to a four-year low.",Business,Business,True
375,"USC barely holds off California. Rodgers, who matched an NCAA record by completing 23 consecutive passes, threw an incomplete pass on 4th-and-goal with 1:16 left as No.",Sports,Sports,True
381,"Arctic Thaw May Open Ship Lanes, But Risks High. A faster-than-expected thaw of the Arctic is likely to open legendary short-cut routes between the Pacific and the Atlantic but experts say",SciTech,SciTech,True
384,"ID Biomedical #39;s Shot in the Arm. ID Biomedical (Nasdaq: IDBE) recently showed the importance of being in the right place at the right time, especially in the vaccine business.",SciTech,Business,True
388,"Nigeria centre stage as oil traders eye new highs. High-flying oil prices could set new records this week if rebels disrupt the flow of crude from Nigeria, and are unlikely to fall far even if tensions there ease given global supply strains, according to analysts.",Business,Business,True
390,"Shrek 3 Postponed Until 2007, James Brown Has Cancer, Kidman Out &lt;b&gt;...&lt;/b&gt;. com Staff. DreamWorks Animation Studios announced it was pushing the release date for its highly anticipated feature Shrek 3 from November 2006 to May 2007.",SciTech,Business,True
391,"Backward drawings may have doomed Genesis. The NASA spacecraft that smashed into the Utah desert last month while bringing home fragile samples of the sun may have been doomed by engineering drawings that had been done backwards, an investigating board said Friday.",SciTech,SciTech,True
411,"REVIEW: Waterproof IPod Housing All Wet (AP). AP - After you've joined the music revolution and plunked down  #36;250 for an Apple iPod mini, it's easy to become quite protective of the little gizmo.",SciTech,SciTech,True
413,"November Harvest for CherryOS. The CherryOS Mac emulator will be released late next month, the developer promises. And the pre-release version in circulation? It's not the real thing, he says. By Leander Kahney.",SciTech,SciTech,True
431,"U.S. Doping Watchdog to Question BALCO's Conte - IAAF.  HELSINKI (Reuters) - U.S. anti-doping officials plan to  question Victor Conte after the BALCO head claimed he saw  sprinter Marion Jones taking banned drugs, world athletics body  the IAAF said Saturday.",Sports,Sports,True
434,"Intel Launches Next-Gen Chip. After 10 years in the making and multiple delays, Intel released its state-of-the-art 64-bit Itanium microprocessor on Tuesday. The microprocessor, which is designed for servers and workstations, is based",SciTech,SciTech,True
438,"Sun-Microsoft Pact Excludes OpenOffice Users. Microsoft Corp. and Sun Microsystems Inc. have agreed not to sue each other or their customers for patent infringements, but the pact announced in April specifically states that the protection does not apply",SciTech,SciTech,True
447,"Man Sentenced to Life for N.Irish Finucane Murder.  BELFAST (Reuters) - A former Protestant guerrilla was  sentenced to life imprisonment on Thursday for the murder of  Catholic lawyer Pat Finucane, one of the most controversial  killings in 30 years of sectarian conflict in Northern Ireland.",World,World,True
451,"Fidel Castro Greets Venezuela's Chavez (AP). AP - Fidel Castro appears to be recovering well after shattering his left kneecap and breaking his right arm in a fall last month, Venezuelan President Hugo Chavez said after visiting the Cuban leader.",World,World,True
454,"Oracle victorious in quest for PeopleSoft. It #39;s finally over. Business-software maker PeopleSoft (PSFT) agreed to be acquired by rival Oracle (ORCL) for  $10.3 billion Monday, ending 18",SciTech,Business,True
455,"Maria a smash hit in tennis #39; fishbowl. It #39;s one thing to win Wimbledon, the biggest trophy in tennis. Quite another to live with it. By Anja Niedringhaus, AP. That is the tricky road of risk",Sports,Sports,True
464,Palestinians Pick Up Pieces After Israeli Offensive. Palestinians picked over the rubble of more than two weeks of fighting in a refugee camp on Saturday after Israeli tanks quit northern Gaza to end a crushing offensive.,World,World,True
476,"The biggest game of the year. I look at  quot;Grand Theft Auto: San Andreas, quot; a new urban crime role-playing game for the PlayStation 2, about the same way I might view gorgeous graffiti painted on my front door.",SciTech,SciTech,True
481,"Court Seen Lifting YUKOS Block -- Lawyers (Reuters). Reuters - A U.S. bankruptcy court is likely to revoke its temporary ban on the sale of Russian oil group YUKOS's main production unit, lawyers said on Friday.",Business,Business,True
483,"Records rebounding (Variety). Variety - HOLLYWOOD -- The recorded music industry showed signs of a rebound in the first half of the year, with full-length CD shipments to retail outlets increasing by 10.2 from 2003, according to the RIAA.",SciTech,SciTech,True
487,Israel may limit worshippers at Jerusalem. Israel has warned that a part of a hotly disputed religious site could collapse on top of thousands of Muslims during the upcoming Islamic holy month.,World,World,True
488,"Yukos abandons its fight for survival. Russia #39;s embattled oil giant Yukos raised the white flag and said it would seek  quot;liquidation or bankruptcy quot; after the forced government sale of its key oilfield next month, the company said yesterday.",Business,Business,True
489,"Gartner revises PC market forecast, warns of downside. Although the PC market won't grow as fast this year as originally envisioned by Gartner analysts, the industry is still expected to sell 12.6 more units this year than in 2003.",SciTech,SciTech,True
490,"Congress Puts Hooks in Copyright Crooks. Congressional lawmakers are taking a cue from Hollywood with an aim to beef up penalties against people who illegally swap copyrighted movies and songs over the Internet.  &lt;FONT face=""verdana,MS Sans Serif,arial,helvetica"" size=""-2""  color=""#666666""&gt;&lt;B&gt;-washingtonpost.com&lt;/B&gt;&lt;/FONT&gt;",SciTech,SciTech,True
494,"Square Enix, Gamemakers Count on Sony, Nintendo to Boost Sales. Square Enix, the world #39;s biggest maker of role-playing computer games, and rivals including Koei Co. are counting on the new consoles from Japan #39;s Sony Corp.",SciTech,SciTech,True
498,LEINART #39;S LANDSLIDE. It started to sink in for Matt Leinart as he shook the hands behind the stage. About two dozen past Heisman Trophy winners gathered in a ballroom here at the Hilton New York last night to welcome the newest member of their fraternity.,Sports,Sports,True
502,"Pentagon Blocks Access to Site for Overseas Voters (Reuters). Reuters - Some Americans overseas are being denied access to a Pentagon-run Web site intended to make it easier for them to vote by absentee ballot due to security measures to thwart hackers, the Pentagon said on Tuesday.",SciTech,SciTech,True
503,"The Neutral Fed Funds Rate.  The level at which the Federal Reserve #39;s federal funds rate, the overnight rate charged between banks, neither stimulates nor slows economic growth.",Business,Business,True
513,"South Africa thump Tigers. Bangladesh were thrashed by nine wickets in their Champions Trophy match against South Africa at Edgbaston on Sunday. Bizarrely electing to bat first, the Tigers mustered just 93 runs before being bowled out in the 32nd over.",Sports,Sports,True
515,Gadget show heralds MP3 season. Some gadget lovers might be disappointed this Christmas as experts predict a shortage of iPod minis.,SciTech,SciTech,True
519,"J amp;J #39;s Big Buy. NEW YORK - In its biggest purchase ever, Johnson  amp; Johnson is dropping  $24.5 billion to get into the fast-growing market for implantible devices that automatically restart stopped hearts.",Business,Business,True
520,"Another opponent is left smarting. ORCHARD PARK, N.Y. -- Two plays. Two decisions. The difference between two teams. Many things and not many things separated the New England Patriots from the Buffalo Bills yesterday at Ralph Wilson Stadium, but two plays made clear why the Patriots have won their last 18 games while the Bills have now lost six straight and 10 of their last ...",Sports,Sports,True
523,"Mother of North Korean President #39;s Sons Reported Dead. South Korean officials are trying to confirm reports that the most influential woman in North Korea has died. Ko Young Hee, is sometimes referred to as the wife of North Korean leader Kim Jong Il.",World,World,True
525,Mogilny has arthroscopic surgery on hip. Team general manager John Ferguson Jr. said the procedure was performed by Dr. Marc Philippon at the University of Pittsburgh Medical Center at St.,Sports,Sports,True
532,"Magic acquire Brandon Hunter from Bobcats. Orlando, FL (Sports Network) - The Orlando Magic acquired forward Brandon Hunter from the Charlotte Bobcats on Monday in exchange for guard Keith Bogans.",Sports,Sports,True
535,Ex-NetScreen CEO takes on new start-up. The former CEO of NetScreen Technologies has moved on to a new upstart. Can he make the same magic work again?,SciTech,SciTech,True
538,Bronc's Elliss Out for Year With Bad Back (AP). AP - Broncos defensive lineman Luther Elliss will miss the rest of the season because of a herniated disc in his lower back.,Sports,Sports,True
543,"Card fraud prevention 'pays off'. Fraud on UK credit cards has fallen - but identity fraud is on the up, a survey from analysts Datamonitor finds.",SciTech,SciTech,True
546,"UK Terror Suspects Were Building Dirty Bomb - Time.  WASHINGTON (Reuters) - British terror suspects arrested in  August were trying to construct a dirty bomb and planned to  attack targets in London, including the Heathrow Express  airport rail line, Time magazine reported.",World,World,True
555,"Bowe Knocks Out Rhode in Second Round (AP). AP - Some in boxing were worried Riddick Bowe would get hurt making a comeback after eight years outside the ring. On Saturday night, he was the one doing the hurting.",Sports,Sports,True
564,Full Sudanese peace talks get off to a shaky start (AFP). AFP - Peace talks on the conflict in the Sudanese region of Darfur ran straight into trouble on the first day of formal negotiations as angry rebel leaders refused to sign an agreement to protect civilians.,World,World,True
571,"Heskey left out of England squad, Cole back in. England coach Sven-Goran Eriksson has left Emile Heskey out of his 23-man squad for the World Cup Group Six qualifiers away to Austria in Vienna next Saturday and Poland in Chorzow four days later.",Sports,Sports,True
578,"Court refuses to pass Halliburton settlement plan. A federal judge in Dallas rejected a US $6 million settlement proposal on Friday in a securities class-action lawsuit against the Halliburton Co, expressing concern that it was neither fair nor adequate.",Business,Business,True
591,"ANALYSIS: Hollywood studios fire heavy salvo in DVD format war. True, Monday #39;s thunderbolt from Tinseltown may not be enough to settle the DVD format war. But in a synchronized cluster bomb of press releases, the powerful content producers have sent a clear message to",SciTech,SciTech,True
592,"U.S. Airways Pilots Say Labor Talks Break Down. Talks between US Airways Group Inc. and the union representing pilots have broken down, the Air Line Pilots Association said Monday.",Business,Business,True
596,Microsoft expands program on source code. US software giant Microsoft Corporation has expanded a program giving government organizations access to some of its tightly guarded software blueprints.,SciTech,SciTech,True
599,Artificial trees grow on Americans. More and more Americans are waking up Christmas morning to find Santa #39;s presents nestled under the plastic branches of an artificial tree.,Business,Business,True
600,Delta: Workers Sigh With Relief. Workers at Delta Air Lines breathed a sigh of relief Thursday after hearing the news the airline #39;s pilots union agreed to  $1 billion in wage and benefits concessions.,Business,Business,True
611,Carsley: Team Spirit Secured Derby Glory. Evertons matchwinner Lee Carsley insisted the great team spirit at Goodison Park was the key to their Merseyside derby victory over Liverpool this afternoon.,Sports,Sports,True
612,"Arafat #39;s succession turns into power struggle. ISN SECURITY WATCH (15/11/04) - The new head of the Palestinian Liberation Organization (PLO), Mahmoud Abbas, escaped unharmed Sunday when militants burst into a mourning tent for the late Yasser Arafat firing assault rifles, killing two security guards",World,World,True
613,Suicide bomber kills 4 in Tel Aviv #39;s Carmel Market. Shortly before 11:30 am a large explosion was heard in Tel Aviv #39;s Carmel Market. A suicide bomber entered the market and blew himself up close to a stall at the corner of Hacarmel St.,World,World,True
616,Shevchenko Crowned as Europe #39;s Finest. Arsenals Thierry Henry today missed out on the European Footballer of the Year award as Andriy Shevchenko took the honour. AC Milan frontman Shevchenko held off competition from Barcelona pair Deco and,Sports,Sports,True
618,"Moon gas could meet earth #39;s energy demands. A potential gas source found on the moon #39;s surface could hold the key to meeting future energy demands as the earth #39;s fossil fuels dry up in the coming decades, scientists said.",SciTech,SciTech,True
621,"Chiefs Down Titans In Exciting Finish. NASHVILLE, Tenn. -- Trent Green found Eddie Kennison for a go- ahead nine-yard touchdown with 32 seconds remaining as the Kansas City Chiefs pulled out a thrilling 49-38 victory over the Tennessee Titans in a back-and- forth contest at the Coliseum.",Sports,Sports,True
623,"Kroger talks focus on wages. Weekly deductions for premiums, higher co-payments and deductibles are all part of the health care package now taking shape for Kroger workers, union officials say.",Business,Business,True
625,Business in brief. The Red Roof Inn hotel and motel chain plans to offer high-speed wireless Internet service in all rooms and public areas at its 359 US locations in coming months.,SciTech,SciTech,True
634,"Wachovia Profit Rises 14 Percent. Wachovia Corp. (WB.N: Quote, Profile, Research) , the No. 5 US bank, on Friday said third-quarter profit rose 14 percent, helped by increased lending to consumers and a decline in bad loans.",Business,Business,True
640,Virtual gamers reveal themselves. A photography exhibitions in London documents what online identities gamers create for themselves.,SciTech,SciTech,True
642,"Mystics Make Surprising Run to Playoffs (AP). AP - Throughout the WNBA, the question this week has been: How on earth did the Washington Mystics make the playoffs without Chamique Holdsclaw?",Sports,Sports,True
648,"Indian weightlifting federation banned temporarily. : The Weightlifting Federation of India has been  quot;temporarily banned quot; from competition pending a decision by the sport #39;s international regulators, officials said on Thursday.",Business,Sports,True
655,"Davenport Won't Decide on Retirement Now (AP). AP - All in due time, Lindsay Davenport will decide whether she wants retire. Only right now is not that time.",Sports,Sports,True
664,"Angels stun A #39;s, need one more to clinch. In a way, he was the guy who started the whole mess, simply by setting foot on the field. Just following orders, Alfredo Amezaga innocently came on to pinch run Sept.",Sports,Sports,True
668,"Nets 99, Bobcats 86. Richard Jefferson scored 23 points and Eric Williams had a season-high 22 to help the New Jersey Nets end a nine-game losing streak with a 99-86 victory over the Charlotte Bobcats on Tuesday night.",Sports,Sports,True
671,"Fears grow for Falluja civilians. Iraqis trapped in the besieged rebel city of Falluja face a humanitarian disaster, aid agencies warn.",World,World,True
681,"Francis, Magic Rally Past Lakers 122-113 (AP). AP - Steve Francis scored a season-high 32 points, and Grant Hill added 27 points and 12 rebounds to rally the Orlando Magic to a 122-113 comeback victory over the Los Angeles Lakers on Friday night.",Sports,Sports,True
688,Groups Alarmed Over Delta Water Plan (AP). AP - A proposed change in how the federal government measures water for fish in the Sacramento-San Joaquin river delta has environmental groups alarmed and California officials concerned about potential harm to wildlife habitat.,SciTech,SciTech,True
692,"World ban on human cloning, UK stands up to US pressure. Great Britains best scientists are standing up to American government pressure to get a worldwide ban on all types of human cloning by backing an international campaign against American efforts.",SciTech,SciTech,True
699,"Indonesian human rights activist who died on flight was poisoned &lt;b&gt;...&lt;/b&gt;. A leading Indonesian human rights campaigner who died mysteriously in September was poisoned, it emerged yesterday. Munir suddenly fell ill on a flight from Singapore",World,World,True
703,"Mexican firm bids 2.3bn for RMC. Mexican group Cemex makes a 2.3bn ( $4.1bn) offer for UK-based RMC, the world's biggest supplier of ready-mixed concrete.",Business,World,True
708,Merck sets up Vioxx review committee. BOSTON (CBS.MW) -- Merck  amp; Co. said late Tuesday that it is establishing a committee to review its handling of the controversial withdrawal of its popular painkiller Vioxx from the market.,Business,Business,True
720,"SEC Leaves Google Waiting on IPO Go Ahead. NEW YORK/WASHINGTON (Reuters) - US regulators on Tuesday did not give Google Inc. the green light it needs to price its initial public offering, extending the wait for the Web search giant #39;s eagerly anticipated market ...",Business,Business,True
725,"C amp;W continues fire sale, off-loads Japan division. Network operator Cable and Wireless Tuesday announced it has agreed to sell its Japanese business, Cable  amp; Wireless IDC, to Softbank for 72.",Business,Business,True
727,"Yankees Seek to Keep Pitcher Jon Lieber (AP). AP - After watching their starting pitchers struggle for much of the season, the New York Yankees would like to bring Jon Lieber back for 2005.",Sports,Sports,True
736,"Santa Clara Shocks 4th-Ranked North Carolina. OAKLAND, Calif. (Sports Network) - Travis Niesen scored a career-high 26 points, Kyle Bailey added 20 and Santa Clara shocked No. 4 North Carolina with a 77-66 victory in a Pete Newell Challenge game at The Arena.",Sports,Sports,True
738,"Windows besieged by hackers. The number of new viruses and worms aimed at Microsoft Corp. #39;s ubiquitous Windows operating system rose 400 percent between January and June from the same year-earlier period, computer security company Symantec said Sunday.",SciTech,SciTech,True
741,Circuit City chooses Linux for cash registers in 600 stores. Circuit City this week bucked the trend of retailers opting for Windows-based point-of-sale systems by announcing plans to migrate to Linux-based IBM cash registers at its 600 stores.,SciTech,SciTech,True
751,"Two off as Real #39;s misery continues. MADRID, Spain -- Real Madrid #39;s week of misery continued when they suffered a 1-0 defeat at Espanyol, finishing with nine men after the dismissals of Walter Samuel and Michel Salgado.",Sports,Sports,True
753,"Soccer / Crystal Palace holds Arsenal, Chelsea goes two points &lt;b&gt;...&lt;/b&gt;. Chelsea went two points clear at the top of the Premier League after beating Everton 1-0 and struggling champion Arsenal was held to a surprise 1-1 draw by promoted Crystal Palace yesterday.",Sports,Sports,True
759,"Firefox Browser On An Upward Trend. carbolic writes  quot;The Firefox browser is ramping up as fast as Internet Explorer is ramping down. According to these stats posted from the Engadget logfiles, IE has dropped to 57 of all browsers used to visit",SciTech,SciTech,True
761,"Halliburton says profit in Iraq is weak. HOUSTON Halliburton, the oil services company once run by Dick Cheney, the US vice president, reported on Tuesday a quarterly loss and only meager pickings from its vast operations in Iraq.",Business,Business,True
764,"Study Finds Accelerating Decline in Corporate Taxes. merica #39;s largest and most profitable companies paid less in corporate income taxes in the last three years, even as they increased profits, according to a study released yesterday.",Business,Business,True
776,"Chavez names oil chief as FM. Venezuelan President Hugo Chavez named Ali Rodriguez, chief of the state-run oil company PDVSA, as the country #39;s new foreign minister, local media quoted government sources as saying on Sunday.",World,World,True
779,"Total deal shows appetite for Russian oil, but limits foreign role (AFP). AFP - A deal between French energy group Total and Russian gas firm Novatek shows that oil majors have an appetite for Russia's energy riches despite the Yukos affair, but also the limited role now possible for foreigners in this strategic sector, analysts say.",World,World,True
788,"Google Lowers Expectations for Its Value (AP). AP - Google Inc. dramatically lowered expectations for the Internet search giant's value Wednesday ahead of its much ballyhooed coming out party in the public markets. The offering is still one of the biggest and highly anticipated for an Internet company, surpassing the hot issues of the dot-com boom.",Business,SciTech,True
791,"Phil Knight to resign as CEO of Nike. Worldwide athletic-goods giant Nike, Inc. announced Thursday that University alumnus and current Chairman and Chief Executive Officer Philip H. Knight will step down as CEO, effective Dec. 28.",Business,Business,True
792,"Safety Group: Car, SUV Bumpers Don #39;t Line Up. WASHINGTON -- An insurance group says low-speed crashes result in expensive repairs simply because of differences in the bumper height between cars and sport utility vehicles.",Business,Business,True
793,Fergie may rest Ruud until European campaign. Alex Ferguson is willing to write Ruud van Nistelrooy out of Manchester Uniteds Premiership title push for the next two months to ensure he is ready for their assault on Europe.,Sports,Sports,True
810,Stunt pilots to aid NASA in catching a piece of the sun. Moonlighting Hollywood stunt pilots and NASA scientists are teaming up to snatch a returning space capsule in midair over central Utah next month.,SciTech,SciTech,True
814,Comcast CEO offers olive branch to Bells. Comcast head Brian Roberts says he and archrivals should work in concert to fight government intervention. Verizon CEO rolls his eyes.,Business,SciTech,True
815,"EBay Earns Boost Tech Stocks; Dow Slips.  NEW YORK (Reuters) - U.S. technology stocks rose on  Thursday as a strong quarterly earnings report from eBay Inc.,  the world's largest online market place, helped lift the Nasdaq  and Standard   Poor's 500 indexes.",Business,Business,True
818,Reasons to Like Four Seasons. The luxury hotel manager doubles earnings for the second straight quarter.,Sports,Business,True
820,"IMF Says China Able to Slow Economy (AP). AP - China can manage to slow its roaring economy to a sustainable level, but only if it avoids loosening curbs on lending and investment too quickly, the International Monetary Fund said Wednesday.",Business,Business,True
823,"Robson back at West Brom as coach. Birmingham, England (Sports Network) - West Bromwich Albion hired former player Bryan Robson to be their new head coach Tuesday. Robson, 47, began his playing career with West Brom in 1974 and made 249 appearances for the club.",Sports,Sports,True
827,"American, three other foreigners kidnapped in Baghdad; Baghdad &lt;b&gt;...&lt;/b&gt;. Militants kidnapped an American and three other foreigners in a bloody assault on their office in the capital Monday, and gunmen assassinated",World,World,True
829,Pessimism over latest attempts to restart peace talks in Sri Lanka. A high-level Norwegian delegation led by Foreign Minister Jan Petersen arrived in Sri Lanka this week as part of international efforts to save the countrys tottering peace process.,World,World,True
840,"Apple Profits Surge on IPod, Laptop Sales (AP). AP - Apple Computer Inc.'s fourth quarter earnings soared on strong sales of laptop computers and its popular iPod music players, helping the company notch its highest revenue for the quarter in nine years.",SciTech,SciTech,True
843,Vinatieri's Field-Goal Streak Reaches 21 (AP). AP - The only way to stop Adam Vinatieri from making field goals might be to keep him from kicking them.,Sports,Sports,True
847,Japan battered by Typhoon Meari. At least two people have been killed and several are reported missing after a powerful tropical storm struck south-western Japan. Tens of thousands of others were forced to flee their homes as Typhoon Meari #39;s,World,World,True
854,"Is Mercury the Incredible Shrinking Planet? MESSENGER Spacecraft May Find Out (SPACE.com). SPACE.com - With a new spacecraft bound for Mercury, that tiny planet nbsp;near the heart of the solar system, researchers are hoping to solve a slew of riddles about the small world.",SciTech,SciTech,True
857,"Equatorial Guinea Wants Thatcher Extradited --Lawyer.  MALABO, Equatorial Guinea (Reuters) - Equatorial Guinea  wants Mark Thatcher, son of former British Prime Minister  Margaret Thatcher, extradited from South Africa after his  arrest on suspicion of involvement in a coup attempt, one of  the country's lawyers said Thursday.",World,World,True
859,"LookSmart Performs Despite MSN Split and Acquisitions. LookSmart Performs Despite MSN Split and Acquisitions  LookSmart more or less broke even last quarter to the surprise of many analysts after LookSmart announced their financial results for the third quarter which ended on September 30, 2004. LookSmart currently provides paid search results through a distribution network that includes Lycos, CNET, ...",Business,SciTech,True
863,"Falcons keep heat on Bulger, RBs. He #39;s a cool guy, a borderline lunatic, someone who can jam the hell out of a Strat. He #39;s got a temper that #39;s quicker than Michael Vick and spent some time last week talking football",Sports,Sports,True
864,"Open Source Gets Nod From UK Govt.. The Office of Government Commerce (OGC), UK, has finally given the green signal persuading governments to consider the deployment of open source while implementing new systems.",SciTech,SciTech,True
875,"Sudan, Rebels to Sign Partial Peace Pact (AP). AP - The Sudanese government and rebel representatives signed accords Tuesday aimed at ending hostilities in the troubled western region of Darfur and guaranteeing aid groups access to 1.6 million civilians uprooted by the conflict.",World,World,True
883,"Samsung, Sony Ericsson Post Gains. Samsung Electronics posted a 46 percent gain in earnings, despite a dip in its cell phone and telecom-equipment business. Separately, Sony Ericsson posted a 29 percent year-over-year increase in sales during the third quarter.",Business,Business,True
886,British hostage calls home. A British UN worker who was kidnapped in Afghanistan by Islamic militants nearly two weeks ago has telephoned her family to say she is still alive.,World,World,True
888,Brazilian Soldier Wounded in Haiti Unrest. A Brazilian soldier with the UN peacekeeping force in Haiti was shot and wounded Saturday when peacekeepers and local police faced gunfire in a crackdown on armed gangs in the Haitian capital.,World,World,True
903,"IBM offers companies monthly security report. The IBM Global Business Security Index will compile threat information from some 2,700 IBM security professionals and half a million monitored devices so the severity of any threats can be analyzed.",SciTech,SciTech,True
905,"Knock, knock: Ichrio nearing hit record after win. OAKLAND, Calif. - All that stands today between Ichiro and an unobstructed look at George Sisler is an unidentified Tim Hudson body part.",Sports,Sports,True
908,"Bangalore Thrives, Chokes on Outsourcing.  BANGALORE, India (Reuters) - When narrow colonial-era  streets get jammed with evening traffic in India's technology  capital, the radio disc jockey turns agony aunt.",SciTech,Business,True
912,"Teenager Khan is through to final. ATHENS, Greece -- Britain #39;s Amir Khan is now only one bout away from becoming the youngest Olympic boxing champion since Floyd Patterson won gold in 1952, after defeating Serik Yeleuov of Kazakhstan in the semifinals.",Sports,Sports,True
915,"Boeing, EADS Likely to Make Tanker Bids. The Pentagon will hold a competition to replace its aging fleet of refueling tankers, potentially pitting aerospace giant Boeing Co.",Business,Business,True
917,"Sports Car Revamp Revs Up Porsche Sales. German carmaker Porsche expects its streak of strong earnings to continue in the current fiscal year that ends in July, the company said on Wednesday.",Business,Business,True
919,"Disney Aims to Find Eisner Successor.  LOS ANGELES (Reuters) - The Walt Disney Co. &lt;A HREF=""http://www.investor.reuters.com/FullQuote.aspx?ticker=DIS.N target=/stocks/quickinfo/fullquote""&gt;DIS.N&lt;/A&gt; board  of directors on Tuesday said it expected to find a chief  executive to succeed Michael Eisner by next June and would  consider both outside executives and Disney President and Chief  Operating Officer Bob Iger for the position.",Business,Business,True
921,"Barrichello takes Italian Grand Prix. Rubens Barrichello won yesterday's Italian Grand Prix, overcoming an unscheduled early pit stop to finish ahead of world champion Michael Schumacher in a 1-2 finish by Ferrari on its home track at Monza. Barrichello, who trails Schumacher by 38 points, has won this race two of the last three years, and now has eight Formula One career victories. Schumacher, who ...",Sports,Sports,True
923,"Afghan Poll Is Mostly Calm, but Challengers Cry Foul. Afghans turned out to vote in large numbers on Saturday, but Hamid Karzai and his rivals disputed the integrity of the vote.",World,World,True
924,"Ukraine Liberals Vow New Rallies to Overturn Vote (Reuters). Reuters - Ukrainian opposition leader Viktor Yushchenko pledged a campaign of mass street protests to overturn presidential election results he, and Western countries, say were rigged by a Moscow-backed government.",World,World,True
932,"Hold on! Not for the Pats. The first time they met last season, the New England Patriots barely held on for a 38-34 victory. The second time they met last season, some members of the",Sports,Sports,True
933,One more feather in ISRO cap. India #39;s exclusive satellite for educational services -- Edusat -- was successfully placed into the Geostationary Orbit (GSO) on Monday.,SciTech,World,True
934,Irish Claim 2nd Title. Notre Dame goalkeeper Erika Bohn seals the Irish's second NCAA championship with a save in penalty kicks to lift them to a 4-3 victory over North Carolina on Sunday.,Sports,Sports,True
939,Cricket: Vaughan is wind-swept. ENGLAND #39;S attempt to complete a memorable summer by landing their first major one-day trophy ended in thrilling failure as West Indies scampered to a two-wicket success in fading light to win the ICC Champions Trophy final.,Sports,Sports,True
946,"PepsiCo Says Profit Rises on Tax Benefits.  NEW YORK (Reuters) - PepsiCo Inc. &lt;A HREF=""http://www.investor.reuters.com/FullQuote.aspx?ticker=PEP.N target=/stocks/quickinfo/fullquote""&gt;PEP.N&lt;/A&gt;, the world's No.  2 soft drink company, said on Thursday quarterly profit rose  due to  $221 million in tax benefits and strong performances  from its key Frito-Lay snack and North American beverage  businesses.",Business,Business,True
947,"Royal  amp; Sun Alliance to move 1200 jobs to India. Royal  amp; Sun Alliance (RSA) has become the latest company to move jobs to India. The insurance company has announced its plans to move 1,200 jobs to Bangalore during the next two years.",Business,Business,True
963,"You Can Buy a Seat, but Can You Fit in It?. Unlike major movie chains, many Broadway theaters have lagged behind (pun intended) when it comes to the most basic of audience amenities: their seats.",SciTech,World,True
964,"Shrugging Off Mutiny, Sharon Rejects Gaza Referendum.  JERUSALEM (Reuters) - Israeli leader Ariel Sharon rejected  calls from within his mutinous cabinet Wednesday for a  referendum on leaving Gaza after winning parliament's support  to uproot settlements from land claimed by Palestinians.",World,World,True
971,Spammers exploit anti-spam trap. Spammers have become enthusiastic adopters of technology designed to spot and stop them.,SciTech,SciTech,True
1006,Nintendo's innards. Wondering what your shiny new Nintendo DS looks like on the inside? Lik Sang saves you the trouble--and voided warranty--with a new online...,SciTech,SciTech,True
1007,"CA to Choose IBM Vet as CEO. Looking to regain its footing, Computer Associates (Quote, Chart) will reportedly tap IBM (Quote, Chart) veteran John Swainson as CEO.",SciTech,Business,True
1009,Brockton has its lines down pat. Brockton reached the postseason by controlling the line of scrimmage and it wasn't about to change its game plan.,Sports,Sports,True
1011,"Congress Speeds Up 9/11 Legislation Vote. WASHINGTON - Racing the clock, Senate leaders are applying finishing touches to bipartisan legislation addressing the Sept. 11 commission's recommendations just as House GOP leaders prepare to debate their version, which Democrats call partisan and weak...",World,World,True
1012,Harmony Grabs Hold of Gold Fields. HARMONY is set to become the world #39;s biggest gold producing mining company in just four months. This week Harmony moved closer to successfully concluding its hostile bid for rival Gold Fields.,Business,Business,True
1028,"Anthem-WellPoint merger deal wins approval in California. NEW YORK, November 10 (newratings.com) - California #39;s insurance commissioner has approved the proposed  $16.5 billion merger between Anthem Inc (ATH.",Business,Business,True
1034,Sprinters Withdraw from Olympics Amid Swirling Controversies. Two of Greeks most adored athletes have pulled themselves out of their host country #39;s Olympics. Sprinters Kostas Kenteris and Katerina Thanou missed an International Olympic Committee mandatory drug test last week. Thanou and Kenteris were then involved ...,Sports,Sports,True
1037,"Foster #39;s shares down following poor earnings results, US wine &lt;b&gt;...&lt;/b&gt;. SYDNEY : Shares in Australian brewer and winemaker Foster #39;s fell sharply in early trade amid disappointment over the poor performance of its US wine operations after the group reported year-to-June results.",Business,Business,True
1044,"News: 'Electronic Jihad' fails to materialise. Rumours that the Internet would witness a sustained and devastating cyber-attack by Islamic ""cyber-terrorists"" today have turned out to be completely baseless.",SciTech,SciTech,True
1055,Hostage murder to hurt Koizumi. JAPAN #39;S troop deployment in Iraq beyond December is at risk as Prime Minister Junichiro Koizumi braces for a wave of public anger over the nightmare ending to the country #39;s second Baghdad hostage crisis.,World,World,True
1058,"Blair to lead talks on Turkey #39;s EU entry. Tony Blair will have a showpiece start to Britain #39;s presidency of the European Union next year, overseeing the beginning of membership talks with Turkey.",World,World,True
1073,Haiti Ex-Soldiers Seize Aristide #39;s Old Compound. Some 100 former soldiers who helped lead a revolt against ousted Haitian President Jean-Bertrand Aristide seized his abandoned residence on Wednesday and said they would make it their headquarters.,World,World,True
1081,"eBay boss named most powerful businesswoman in US. Meg Whitman of eBay has been named the most powerful woman in corporate America by Fortune magazine, toppling Carly Fiorina of Hewlett-Packard who had been at the top of the list since it began in 1998.",SciTech,Business,True
1096,"Vauxhall Ellesmere Port Workers Facing Lay Offs. LONDON, October 19 /PRNewswire/ -- Workers at the Vauxhall plant in Ellesmere Port, Merseyside are facing lay off tomorrow following strike action taken at the Bochum plant in Germany over the job losses announced there last week.",Business,Business,True
1098,"Sharing wealth was golden idea. Kindergarten must have been good to LeBron James. With sharing at the top of that year's lesson plan, James might have collected a lot of gold stars for his behavior.",Sports,Sports,True
1106,"In-Depth Review: What Makes Firefox 1.0 So Compelling. Mozilla #39;s new Firefox Web browser can make believers even out of loyal Internet Explorer proponents. By Scot Finnie, Desktop Pipeline.",SciTech,SciTech,True
1115,"Largest Protest of Week Expected in NYC (AP). AP - New York braced Sunday for tens of thousands of demonstrators in the largest scheduled protest of the week against the Bush administration, as Republican delegates descended on a heavily fortified convention city.",World,World,True
1117,China jails officials for spying. Two senior Chinese officials in Hong Kong are given long jail terms after being convicted of spying for the UK.,World,World,True
1127,Cassini Snaps Photos of Saturn #39;s Moon. The international Cassini spacecraft began unveiling Saturn #39;s mysterious sidekick Titan with a stream of increasingly sharp pictures of the surface taken during a flyby within 745 miles of the hazy moon.,SciTech,SciTech,True
1130,"Washington Orca Population Heads South. Washington state #39;s resident killer whales, with two newborns in tow, dodged a potentially lethal roadblock in their voyage south to feast on a healthy run of chum salmon, experts say.",SciTech,SciTech,True
1131,Motorola To Develop FOMA Mobile Phone Handset for DoCoMo. DoCoMo previously procured FOMA handsets only from domestic manufacturers. The two companies -- Motorola and DoCoMo -- said they aim to market the new handset from next spring targeting business users.,SciTech,SciTech,True
1136,Falcons' Michael Vick Throwing Hand Numb (AP). AP - Dallas receiver Keyshawn Johnson broke his left ankle in the second quarter of the Cowboys' game against the New York Giants on Sunday night.,Sports,Sports,True
1139,"Microsoft tweaks volume-licensing program. Among other changes, the software giant has established a Web site designed to make it easier to understand what the program's rules are.",SciTech,SciTech,True
1141,Barcelona defender Belletti out for two weeks. Barcelona defender Juliano Belletti will be out of action for about two weeks after suffering a slight ankle strain during Saturday #39;s 2-1 victory over Deportivo Coruna.,Sports,Sports,True
1143,A debate that avoided answering the vital questions on Iraq. At least it was a wartime debate last Thursday night between President George W. Bush and John Kerry. But it didn #39;t provide much clarity about what either candidate would do as a wartime,World,World,True
1144,"Macromedia Bids For More eBay Users. eBay sellers have a new content management tool to help them post storefronts faster, thanks to a newly customized Macromedia toolset.",SciTech,SciTech,True
1147,"Conn. Man Charged with Selling Secret Windows Code.  NEW YORK (Reuters) - A Connecticut man was arrested on  Tuesday on charges that he illegally sold a secret source code  used for Microsoft Corp.'s Windows NT 4.0 and Windows 2000  programs, federal prosecutors said.",SciTech,SciTech,True
1149,"No. 19 Alabama Tops Alaska-Anchorage 90-55 (AP). AP - Jermareo Davidson scored 15 of his 17 points in the first half, leading No. 19 Alabama to a 90-55 rout of Division II Alaska-Anchorage in the first round of the Great Alaska Shootout on Wednesday night.",Sports,Sports,True
1151,"City lawyer still reviewing facts of Anthony drug case. The city #39;s attorney said Friday he hasn #39;t decided whether to drop a marijuana possession charge against Denver Nuggets star Carmelo Anthony, even though a friend of the player #39;s said the drugs found in Anthony #39;s backpack belonged to him.",Sports,Sports,True
1155,"Hurricane Ivan Pounds Eastern Caribbean Islands.  PORT OF SPAIN, Trinidad (Reuters) - Hurricane Ivan tore  down trees, blew off roofs, knocked out power and forced  hundreds of people to evacuate coastal areas as it pounded the  tiny islands of the southeastern Caribbean on Tuesday.",World,World,True
1160,"Pakistani Jets Attack Militant Hideouts. Pakistani jets on Thursday pounded a suspected training facility for foreign militants in a tribal area near the border with Afghanistan, senior intelligence and military officials said.",World,World,True
1162,"US blames Islamic charities for funding Iraq attacks. MARK COLVIN: In Baghdad, the family of the kidnapped head of CARE International have pleaded with the British Prime Minister to stop even speaking Margaret Hassan #39;s name.",World,World,True
1164,Apple introduces colour screen iPod. Apple Computer Inc. has introduced a new larger-capacity iPod with a colour display as well as a first-of-its-kind digital compendium of the rock band U2 #39;s songs.,SciTech,SciTech,True
1168,Pentagon says 35 detainees' transferred out of Guantanamo (AFP). AFP - The US Defense Department announced the transfer of 35 detainees from Guantanamo Bay Naval Station (GTMO) in Cuba to Pakistan.,World,World,True
1169,US Air Pilots to Vote on Pay-Cut Proposal.  WASHINGTON (Reuters) - Bankrupt US Airways took a crucial  step toward securing  $300 million in concessions from its  pilots union late on Tuesday when leaders of the labor group  said they would forward a plan to cut wages and benefits to all  pilots for a vote.,Business,Business,True
1170,"Gunmen shot dead female university lecturer in Iraq #39;s Mosul. Unidentified gunmen shot and killed a female university lecturer as she was driving to work in Iraq #39;s main northern city of Mosul on Saturday, local police said.",World,World,True
1171,"Three more appeals lodged against Olympic medal results. The sports world #39;s highest court has received three new appeals involving medals in gymnastics, weightlifting and track and field awarded at last month #39;s Athens Olympics.",Sports,Sports,True
1179,"Gore and Kerry Unite in Search for Black Votes. As polls suggest gains for President Bush among black voters, Democrats are trying to solidify their bloc.",World,World,True
1181,"Before Rape Arrest, Bryant Expressed Fear to Police. In his first comments to the police on the night he was accused of rape, the basketball star Kobe Bryant was scared about what happened and may have conceded lying to",Sports,Sports,True
1185,"Was Bush Wired? Ridiculous, Campaign Says (AP). AP - Campaign aides to President Bush on Saturday laughed off rampant Internet speculation about whether the president was wired to get help from advisers during his first debate with Sen. John Kerry. ""It's not true. It's ridiculous,"" Bush campaign spokesman Scott Stanzel said.",World,World,True
1190,"Critical penalty costs Raiders.  quot;There have been a lot of BS calls, just like that one, quot; Scott said, referring to the new interpretation of the 5-yard rule.",SciTech,Sports,True
1191,"US areas lag behind in keeping up with races. BEAVER CREEK, Colo. -- As the World Cup rolls on to Europe after its brief moment of glory in North America, one can't help but remember when New England hosted such events, last put on by Tommy Corcoran at Waterville Valley.",Sports,Sports,True
1192,"Woman, 79, Accused of Cocaine Smuggling (AP). AP - A 79-year-old woman has been caught attempting to smuggle heroin out of Colombia on a flight to New York, police said Friday.",World,World,True
1195,"Top Cleric Looks to Broker Deal in Najaf. NAJAF, Iraq - Iraq's most powerful Shiite cleric returned to the country from Britain on Wednesday and his aides called for a nationwide march to Najaf to end nearly three weeks of fierce fighting between U.S. forces and Shiite militants in this holy city...",World,World,True
1196,"Toys 'R' Us banks on strategy . With one week left until Christmas, customers can still find some of the season's hottest toys, like Dora's Talking House and Bella Dancerella, a ballet kit, at Toys ""R"" Us Inc. But it's a different story at rival Wal-Mart Stores Inc. , whose inventory of many of the popular items has been depleted.",Business,Business,True
1202,"Durable-goods orders up; new-home sales down. WASHINGTON - Factory orders for costly manufactured goods in July recorded the biggest gain in four months. Meanwhile, new-home sales slid, according to a pair of reports that offered a mixed picture of economic activity.",Business,Business,True
1208,"Learning to Search for Life on Mars with the Atacama Rover. Ames Research Center -- A dedicated team of scientists is spending the next four weeks in northern Chile's Atacama Desert. They are studying the scarce life that exists there and, in the process, helping NASA learn more about how primitive life forms could exist on Mars...",SciTech,SciTech,True
1217,"Florida voters may have plenty time to elect next US president (AFP). AFP - Florida elections supervisors want to give voters several days to elect candidates, a proposal offered after early voting in last month's presidential election apparently helped avoid a repeat of the 2000 election debacle.",World,World,True
1221,"NetApp posts profits, continues hiring spree. Network Appliance posted positive results for its first quarter of 2005 on Wednesday, reporting a 38 percent increase in revenue compared to the same quarter last year, and said it intends to continue hiring 200 new people a quarter.",Business,SciTech,True
1227,"Rangers steering through recent skid. With a little under three hours to go before the first pitch of a crucial series with the Red Sox, the Texas Rangers -- losers of four straight games -- looked anything but concerned about their immediate fate on the diamond.",Sports,Sports,True
1236,"Toshiba Boosts Hard Drive Capacity. New perpendicular recording technology could lead to thinner, lighter, 80GB IPods.",SciTech,SciTech,True
1238,Protests target nuclear shipment. Protests continue in France in a bid to stop delivery of  weapons-grade plutonium from the US for recycling.,World,SciTech,True
1241,"Women May Run Faster Than Men in 2156 Games -Study (Reuters). Reuters - Women could be faster 100-meter sprinters than men by the 2156 Olympics, according to a study on Wednesday.",Sports,SciTech,True
1243,StorageTek Bolsters ILM With Storability Deal. StorageTek said Thursday it has acquired Storability to further strengthen its information lifecycle management software portfolio.,SciTech,SciTech,True
1249,"BA, Virgin to up fuel surcharge. British Airways and Richard Branson #39;s Virgin Atlantic Airways say they will raise fuel surcharges following similar moves by major European carriers this week as oil prices surged.",Business,Business,True
1251,"Dixon ninth overall in IRL. Dixon finishes ninth overall in the championship with a second placing his best result of the season. He now takes a break, with a fair amount of testing lined up over our summer.",Sports,Sports,True
1253,#39;Electronic Jihad #39; fails to materialise. Rumours that the Internet would witness a sustained and devastating cyber-attack by Islamic  quot;cyber-terrorists quot; today have turned out to be completely baseless.,SciTech,SciTech,True
1255,"Singh on top of the world, and he got there quietly. THOUSAND OAKS -- Anonymity is only a problem if you want it to be, and it is obvious Vijay Singh doesn #39;t want it to be. Let others chase fame.",Sports,Sports,True
1258,"Israeli Soldiers Kill Palestinian Girl (AP). AP - Israeli troops on Thursday shot and killed an 8-year-old Palestinian girl who was on her way to school in a Gaza Strip refugee camp, while Palestinian militants fired mortars at a Jewish settlement, injuring nine people, witnesses and officials said.",World,World,True
1263,"Sand dreams crumble in quarter-finals. The beach volleyball men #39;s pair of John Child and Mark Heese of Toronto dropped a quarter-final match yesterday to a Spanish duo, while Quebeckers Guylaine Dumont and Annie Martin lost in the women #39;s event, eliminating Canada from competition in the sport",Sports,Sports,True
1265,"Nine arrested after Australian island riot. protesting against the death of a man in custody burnt down a police station, police residence and a courthouse. northeast coast, said Queensland state police minister Judy Spence.",World,World,True
1266,"It's about the best you can do with BCS. Playoffs? Who needs playoffs? And isn't that ironic in another season when the ""P-word"" was again front and center in a Bowl Championship Series controversy?",Sports,Sports,True
1272,"Woods leads by 3 on a soggy course. MIYAZAKI, Japan -- Tiger Woods overcame soggy conditions to shoot a 5-under-par 65 for a three-stroke lead Thursday at the Dunlop Phoenix.",Sports,Sports,True
1279,"Flintoff brings a golden hue to autumn. Anything is possible for England now. The Champions Trophy, South Africa this winter, the World Cup, the Ashes next summer, global domination, all those things that once",Sports,Sports,True
1280,"Uh-Oh! SpaghettiOs switches brands.  quot;Uh-oh, SpaghettiOs! quot; The iconic kids pasta that has made mealtime easier for countless American families for four decades is getting a face-lift, and its once-popular Franco-American brand is being consigned to history.",Business,Business,True
1283,Sony Corp. acquires MGM Studios for  $5 billion. MUMBAI: It has been a long-running drama and it is Japanese electronics giant Sony Corp that has come out the winner at the end of it.,SciTech,Business,True
1285,"IBM pushes out new Stinger database. IBM next week will ship the latest version of its DB2 Universal Database, which offers new self-tuning capabilities designed to reduce management overhead even as databases grow bigger and harder to maintain.",SciTech,SciTech,True
1296,"Standard Chartered Is Chosen as Preferred Bidder for Permata. Standard Chartered Plc, a UK bank that makes two-thirds of its profit in Asia, will start talks to buy a 51 percent stake in PT Bank Permata, Indonesia #39;s seventh- largest lender, after being named the preferred bidder.",Business,Business,True
1298,"Hollywood to Help NASA Catch Space Probe. na meeting of the cinematic with the scientific, Hollywood helicopter stunt pilots will try to snatch a returning NASA space probe out of the air this morning before it hits the ground.",SciTech,SciTech,True
1299,Indian politician sent to prison. Top Hindu nationalist politician Uma Bharti is remanded in an Indian jail over charges of inciting religious violence 10 years ago.,World,World,True
1309,"Canada #39;s current account surplus shrinks. OTTAWA - Canada #39;s current account surplus showed the first drop in almost two years in the third quarter, Statistics Canada said Monday.",Business,Business,True
1321,"Three dead in Israeli air strike in West Bank. JERUSALEM -- An Israeli helicopter fired a missile at a car in the West Bank town of Jenin on Monday, killing three people, including a militant leader, Palestinian security officials said.",World,World,True
1322,"U.S. Raps Cuba on Its Presence Abroad (AP). AP - The State Department is accusing Cuba of training Colombian rebels and says it is troubled by a large presence of Cuban personnel in Venezuela, whose president, Hugo Chavez, is a close ally of Cuban President Fidel Castro.",World,World,True
1349,Brazil Back in Space. A test rocket which Brazil successfully launched on Saturday provided reassurance to the countrys space programme 14 months after a more powerful one exploded before lift-off killing 21 people.,World,SciTech,True
1350,"Man Guilty in Death of Olympian #39;s Brother. LOCK HAVEN, Pa. Oct. 14, 2004 - A former college football player was convicted of murder Thursday in the beating death of the brother of Olympic wrestler Sara McMann.",Sports,Sports,True
1352,"Liverpool #39;s G force: Can it be Alonso?. LIVERPOOL - All of a sudden, a promising future under new manager Rafael Benitez has turned dismal after Steven Gerrard #39;s broken foot.",Sports,Sports,True
1362,"Irishmen hold sway in Man United future. The future of Manchester United MNU.L , the world #39;s richest soccer club, could be in the hands of two publicity-shy Irishmen who made their money from horse racing.",Sports,Sports,True
1364,"Air Force GPS Satellite Roars Into Space. The mobile service tower (MST) was retracted from around the Boeing Delta 2 rocket at launch pad 17B at Cape Canaveral, Fla., Thursday, Nov. 4, 2004, exposing the vehicle as the countdown entered its final hours before liftoff.",SciTech,SciTech,True
1368,"NCAA denies reinstatement request for Mike Williams. The NCAA refused to reinstate Southern California All-American Mike Williams on Thursday, leaving the star receiver unable to rejoin the top-ranked Trojans after being shut out of the NFL draft by the courts.",Sports,Sports,True
1372,"MOTOGP NEWS Gibernau wins dramatic Qatar GP, Rossi falls.. Sete Gibernau has led a Telefonica Honda one-two in a dramatic first ever Qatar Grand Prix, which also saw Ruben Xaus take his first ever MotoGP podium and world championship leader Valentino Rossi crash out after a determined charge from the back of the",Sports,Sports,True
1379,"Brown-Forman Earnings Jump 67 Percent. Brown-Forman Corp. , which sells products ranging from Jack Daniels whiskey to Lenox china, on Thursday posted a better-than-expected 67 percent jump in earnings as aggressive marketing boosted sales of premium spirits and new wines.",Business,Business,True
1380,"Knight slams NCAA in Washington. Texas Tech men #39;s coach Bob Knight was the guest speaker Monday at the National Press Club, offering his opinions on basketball topics and downplaying any ambitions to make the jump to politics from the world of sports.",Sports,Sports,True
1390,"Cubs, Marlins Split. The Cubs briefly lead the NL wild-card standings after winning the first game of a doubleheader with the Marlins, but lose the sceond.",Sports,Sports,True
1400,"Ex-NASA worker pleads innocent of fake inspections. ORLANDO, Fla. - A fired NASA safety inspector accused of falsifying space shuttle inspection reports pleaded not guilty to 166 criminal charges Friday and a trial was tentatively set for Dec. 1. Bill Thornton",SciTech,SciTech,True
1403,Saints behaviour unacceptable: Barnwell. Southampton have been told it was  quot;unacceptable quot; they parted company with manager Paul Sturrock after just two games into the Barclays Premiership season.,Sports,Sports,True
1405,"PREVIEW-Open-History, records on line in men #39;s final. History, records and the small matter of a grand slam title will be on the line when world number one Roger Federer takes on former champion Lleyton Hewitt in the final of the US Open later on Sunday.",Sports,Sports,True
1409,"Haiti Storm Death Toll Could Reach 2,000. Hungry, thirsty and increasingly desperate residents attacked each other in a panic to get scarce food and water Thursday as workers struggled to bury hundreds of corpses six days after the city was struck by Tropical Storm Jeanne.",World,World,True
1412,Westwood leads Goosen. England #39;s Lee Westwood leads South Africa #39;s Retief Goosen by one shot going into the final day of the Nedbank Challenge in Sun City.,Sports,Sports,True
1418,"Oracle raises offer for PeopleSoft 14. Oracle yesterday sweetened its hostile bid for rival business software maker PeopleSoft to  $9.2 billion, a 14 percent increase aimed at resolving the long-running takeover battle between the bitter foes.",Business,Business,True
1430,"Dollar Slumps Broadly, More Losses Seen.  NEW YORK (Reuters) - The dollar stumbled on Friday as  persistent concerns over the U.S. economy and comments  throughout the week from European Central Bank and Federal  Reserve officials allowed the currency no respite.",Business,Business,True
1434,"Any Fannie Mae Restatement Up to SEC--COO.  WASHINGTON (Reuters) - Whether mortgage finance giant  Fannie Mae &lt;A HREF=""http://www.investor.reuters.com/FullQuote.aspx?ticker=FNM.N target=/stocks/quickinfo/fullquote""&gt;FNM.N&lt;/A&gt; will have to restate its earnings as a  result of accounting problems cited by regulators will be up to  the Securities and Exchange Commission to consider, a company  executive said on Tuesday.",Business,Business,True
1435,"Apple breaks the Harmony. Earlier this year RealNetworks came up with a workaround allowing music downloaded from its store to work on iPods. This was achieved by reverse-engineering Apple #39;s FairPlay technology, and Real named it Harmony (see our previous coverage).",SciTech,SciTech,True
1444,"Hamm faces Yang for gold in high court of sports. The disputed Olympic gold medal is wrapped in a pair of white socks in Paul Hamm #39;s parents #39; house in Waukesha, Wis. Whether that medal stays there is up to the Court of Arbitration for Sport in Lausanne, Switzerland",Sports,Sports,True
1460,"Fight Over Kerry's War Record Escalates. WASHINGTON - John Kerry's Vietnam War service records run to multiple medal commendations and a notation of ""conspicuous gallantry"" in combat. President Bush's file tracks the stateside career of a National Guard test pilot...",World,World,True
1462,"Smart Web Changes World. AMSTERDAM -- A smarter internet and a host of cheap, web-enabled mobile devices will allow access to a whole range of services on the move, research group Gartner Dataquest said on Sunday, ahead of its ITXpo symposium.",SciTech,SciTech,True
1463,"Friendships drive Islamic terrorists, CIA veteran says. PARIS -- Three years after the Sept. 11 attacks forced the West to take a collective crash course on Islamic terrorism, the myths endure: The militants are impoverished and uneducated. Lifelong religious fervor drives them to embrace jihad. Al Qaeda aggressively recruits and brainwashes the men.",World,World,True
1473,"Woolies wins liquor war. SYDNEY - Woolworths has sealed its position as the country #39;s top liquor retailer with its joint A $1.33 billion ( $1.42 billion) bid for pubs chain ALH, beating rival Coles Myer.",Business,Business,True
1475,"ADV: Forex Trading: The New Financial Account. Get real-time rates, free charts and news, as well as a free demo trading account from FXCM - the market maker for Forex trading. Visit the site today.",Business,Business,True
1480,Hewitt reaches final on Long Island. Second-seeded Lleyton Hewitt reached Sunday #39;s final at the Waterhouse Cup where he will play either Paradorn Srichaphan or Peruvian Luis Horna.,Sports,Sports,True
1483,"Health Highlights: Sept. 27, 2004. Here are some of the latest health and medical news developments, compiled by editors of HealthDay:    ------    Average Cost of U.S. Nursing Home is  $70K Annually: Survey      The average cost of a private room in a nursing home in the United States is  $70,080 a year, or  $192 a day, according to a survey released Monday by the MetLife Mature Market Institute...",SciTech,SciTech,True
1487,"PluggedIn: Lost? Your Phone Knows a Way Out (Reuters). Reuters - Back when everyone believed the world was flat, people thought these rocky shores on Spain's windswept ""coast of death"" were the end of the world. In today's world, you only need a mobile phone to get there ... and back.",SciTech,SciTech,True
1488,"Wenger takes second swipe at Ruud. DESPITE Ruud van Nistelrooy #39;s apology to Ashley Cole, Arsenal boss Arsene Wenger may be reluctant to let the dust settle on the second successive  #39;Battle of Old Trafford #39;.",Sports,Sports,True
1489,"Nvidia will supply graphics chip for new PlayStation. Nvidia will supply the graphics chip for the successor to the PlayStation 2 games console being developed by Sony Computer Entertainment (SCEI), the companies announced on Tuesday.",SciTech,SciTech,True
1493,"BIG HIKE IN ENERGY BILLS. The company says the record price of wholesale gas, which also effects the cost of electricity, is to blame. A spokesman said the increases would add an extra 7p a day to electricity bills.",Business,Business,True
1498,Allardyce swipe at Man Utd. Bolton boss Sam Allardyce believes Manchester United #39;s hopes of winning back the Premiership title are fading. United are already seven points behind Arsenal after four games and Allardyce said:  quot;You are talking about Arsenal losing three games.,Sports,Sports,True
1500,Gold Medal Dispute Set to End Thursday (AP). AP - Paul Hamm is finally going to have an answer for everyone who asks if he's going to be able to keep his Olympic gold medal.,Sports,Sports,True
1502,Trial Letdown Hits Possis Medical. Shares of device maker Possis Medical (Nasdaq: POSS) are down 38 to  $19.20 after the company cut its fiscal 2005 earnings outlook after a trial involving its AngioJet blood clot treatment yielded disappointing results.,Business,Business,True
1505,England midfielder Gerrard says he shouldn #39;t have been taken off. England goalscoring hero Steven Gerrard said he was taken off the field by mistake in Saturday #39;s World Cup qualifying 2-2 tie with Austria.,Sports,Sports,True
1507,Russian Oil Giant Warns of Output Cut.  MOSCOW (Reuters) - Russian oil major YUKOS again warned on  Thursday that it may be forced to cut output after saying that  a Moscow court ruled this week that  $2.6 billion of company  funds could be seized by the authorities.,Business,Business,True
1510,"Mortars Fired at Iraq National Assembly Opening. Insurgents fired mortars and rockets at a venue where Iraq #39;s interim national assembly held its first session Wednesday, a stark reminder of the country #39;s risky road to elections in January.",World,World,True
1517,"Swiss Blocks Accounts in Oil Co. Probe (AP). AP - Swiss justice authorities have blocked bank accounts containing  #36;100 million in an investigation of an alleged bribery scandal tied to a subsidiary of Halliburton Co., the oil services company formerly headed by U.S. Vice President Dick Cheney.",Business,World,True
1525,"Freescale announces dual-core PowerPC processor. Manufactured with a 90-nanometer process, Freescale's MPC8641D processor has two PowerPC e600 processor cores that run at clock speeds faster than 1.5 GHz and are connected by a high-speed interface.",SciTech,SciTech,True
1535,"NASA Picks Swede Launch Site for Giant Balloons. By TOMMY GRANDELL    STOCKHOLM, Sweden (AP) -- NASA has agreed to launch its largest scientific balloons from a site in northern Sweden, a spokesman said Tuesday.    To launch them, the Swedish Space Corp., which owns Esrange, has signed a  $1.32 million contract with the Swedish construction company NCC to double the size of the present launch pad...",SciTech,SciTech,True
1536,Salvation Army looks for new fundraising  quot;target quot;. It #39;s going to be a little quieter outside of Target stores this holiday season. The company isn #39;t allowing the Salvation Army bell ringers outside its stores.,Business,Business,True
1539,"Support system helps the Cardinals. The signs of encouragement were everywhere yesterday, on a summer-like afternoon softened by blue skies and sunshine.  quot;Go Cards quot; messages were hung from buildings large and small, including banks and other businesses. The disappointments of the weekend in Boston were fading fast for St. Louis and the Cardinals.",Sports,Sports,True
1543,UN Delays Cloning Decision. The United Nations has put off for this year the question of whether to draft a treaty that would ban all human cloning. Diplomats instead settled on a compromise political declaration.,World,World,True
1551,"Cisco Profits Are Higher, but Investors Want More. Cisco Systems, the largest maker of Internet networking equipment, reported Tuesday that its first-quarter profit rose 29 percent, squarely in line with Wall Street forecasts.",Business,Business,True
1555,"Phelps, U.S. Win Men's 4x200 Freestyle Relay.  ATHENS (Reuters) - Michael Phelps led the United States to  a narrow victory in the men's 4x200 meters freestyle relay at  the Athens Olympics Tuesday to collect his third gold medal in  four days.",Sports,Sports,True
1560,"Iraq #39;s top Shiite cleric returns home as fighting rages in Najaf. Hoping to end weeks of fighting in Najaf, Iraq #39;s top Shiite cleric unexpectedly returned home from Britain on Wednesday armed with a new peace initiative and a call for Iraqis across the country to march on the holy city to demand an",World,World,True
1565,"Expos move is an opportunity to improve baseball schedule. Major League Baseball finally did what many expected: It announced Washington, DC, will be the new home of the Expos. The best choice?",Sports,Sports,True
1567,"Googlicious - More Google Expansion. Googlicious - Post IPO Google Expansion  The skeptics scoffed, the Securities Exchange Commission had a fit, and the company had to halve the number of shares of the initial public offering to set a price that valued the company at roughly 120 times earnings, extravagant even by dot.com era standards.  By the ...",Business,SciTech,True
1569,UN probing alleged abuse by staff in DRC. The United Nations is investigating around 150 allegations of sexual abuse by UN civilian staff and soldiers in the Democratic Republic of Congo.,World,World,True
1576,"Microsoft Launches Regional Versions of Hotmail (Reuters). Reuters - Microsoft Corp., the world's largest software maker, has expanded its flagship MSN Hotmail internet email service to include European and Japanese domain names, it said on Friday.",SciTech,SciTech,True
1581,"Three Decapitated Corpses Found North of Baghdad.  BAIJI, Iraq (Reuters) - The decapitated bodies of three  men, their heads strapped to their backs, were found dumped in  bags by a roadside north of Baghdad Wednesday, Iraqi police and  U.S. officials said.",World,World,True
1582,"$136 billion business tax break package gets OK. Congress gave final approval Monday to a 10-year,  $136 billion package of business tax breaks that represents the biggest change in the corporate tax code in two decades",Business,Business,True
1585,"Yahoo to close online payment service. SAN FRANCISCO - Yahoo Inc. in November will close PayDirect, its online payments service that aimed to compete with eBay Inc. #39;s PayPal, the company said Friday.",SciTech,SciTech,True
1597,"Apple pitches music industry on U2-style promos. U2 has been a familiar sight to iTunes Music Store visitors in recent weeks, with the online music store featuring everything from a U2-themed iPod to a digital boxed set of the Irish rock band #39;s recordings.",SciTech,SciTech,True
1600,"Positive Charge for Rosetta. Detecting ions, or charged particles from either solar wind or comet tails, is one goal for the comet-chasing space probe, Rosetta.    Astrobiology Magazine -- The Ion and Electron Spectrometer (IES), one of three NASA instruments aboard the European Space Agency (ESA) Rosetta comet orbiter, successfully underwent an intensive commissioning exercise that qualified it for operation during the next decade...",SciTech,SciTech,True
1605,"Moscow faithful hail return of cherished icon. The religious faithful in Moscow are flocking to a Kremlin cathedral for a homecoming of sorts -- the return of a beloved icon, or holy picture.",World,World,True
1607,"14 die as villagers battle bandits in India. BHOPAL (India): At least 14 people were killed on Friday in a fierce gunbattle between bandits and villagers in the central Indian state of Madhya Pradesh, officials here said.",World,World,True
1608,"No. 15 Louisville Blows Out South Florida. Stefan LeFors completed his first 13 passes, threw for one touchdown and ran for another in Louisville #39;s 41-9 victory over South Florida on Friday night.",Sports,Sports,True
1610,Dollar Slumps After Weak U.S. Data.  NEW YORK (Reuters) - The dollar sagged on Tuesday as softer  U.S. data on Tuesday re-ignited worries that the world's  largest economy has yet to recover from its recent soft patch.,Business,Business,True
1617,Scotland V Hungary Player Ratings. David Marshall  The Celtic goalkeeper continued his rapid rise to fame with his first international start. Blameless at the penalty and was given no chance with Hustzi #39;s stunning second. Unlucky to have Pressley #39;s attempted clearance cannon off him ...,Sports,Sports,True
1619,Bardot fans snap up memorabilia. More than 200 Brigitte Bardot fans descend on a memorabilia sale on the star's 70th birthday.,SciTech,World,True
1631,Hardie feels boycott pain. ASBESTOS-RELATED boycotts of James Hardie products have forced the controversial building products maker to slash its profit forecast.,Business,Business,True
1633,"Verizon Wireless makes Circuit City deal. Verizon Wireless of Bedminster, NJ, announced a partnership with Circuit City Stores Inc. of Richmond, Va., to create Verizon Wireless shops in 570 of its Circuit City superstores.",Business,SciTech,True
1634,"Mortal Kombat: Deception; Silent Hill 4: The Room; Spinrite 6.0. The sixth title in the seemingly endless Mortal Kombat franchise -- 12 years and counting -- is about much more than blood-soaked, hand-to-hand fighting.",Sports,SciTech,True
1637,"Israel Kills 6 Palestinians in Gaza, W.Bank Raids.  JABALYA, Gaza Strip (Reuters) - Israeli forces killed six  Palestinians including three teenagers on Wednesday as they  thrust deep into Gaza to quell rocket fire into Israel and  raided two West Bank cities in search of wanted militants.",World,World,True
1641,"SBC and Microsoft Plan IP TV Service.  NEW YORK (Reuters) - SBC Communications &lt;A HREF=""http://www.reuters.co.uk/financeQuoteLookup.jhtml?ticker=SBC.N qtype=sym infotype=info qcat=news""&gt;SBC.N&lt;/A&gt; on  Wednesday said it reached a 10-year,  $400 million deal with  Microsoft Corp. &lt;A HREF=""http://www.reuters.co.uk/financeQuoteLookup.jhtml?ticker=MSFT.O qtype=sym infotype=info qcat=news""&gt;MSFT.O&lt;/A&gt; to provide next-generation television  services.",SciTech,SciTech,True
1656,French winemakers take to streets. Winemakers worried by a slump in sales stage street protests calling on the French government for help.,Business,World,True
1657,"Sports in brief. Three-time All-Star catcher Jason Kendall was close to being traded from the Pittsburgh Pirates to the Oakland Athletics for a pair of pitchers, a baseball official told the Associated Press on Wednesday.",Sports,Sports,True
1671,Long-necked hunter found in China. The remains of a 230-million-old marine reptile with fangs and a long neck have been unearthed in southeast China. The creature #39;s 1.7m-long neck was almost twice as long as its trunk which measured less than one metre in length.,SciTech,SciTech,True
1673,"EU hits back over Boeing #39;s  quot;massive quot; aid. The EU has hit back after Washington filed a case at the World Trade Organisation over state aid for aircraft maker Airbus EAD.PA , filing its own case over what it called  quot;massive illegal quot; aid for Boeing BA.",Business,Business,True
1682,"Yahoo, Google Stocks Up on Upbeat Analyst Forecast (Reuters). Reuters - Shares of Internet search companies Google Inc.  and Yahoo Inc.  rose on Monday after Goldman Sachs raised its fourth-quarter estimates for both companies.",Business,SciTech,True
1690,"Giants Look for Way to Stop Owens, Eagles (AP). AP - Will Allen doesn't mind watching Terrell Owens do his elaborate touchdown celebrations. The New York Giants cornerback just doesn't want to see the Philadelphia Eagles receiver do it on Sunday at Giants Stadium.",Sports,Sports,True
1691,"Bush Tries to Help Break N.Irish Peace Deadlock (Reuters). Reuters - President Bush tried to help break a deadlock in the Northern Ireland peace process on Friday, telephoning Protestant leader Ian Paisley as negotiations ground on in London and Belfast.",World,World,True
1700,South Africa. SABMiller had a gain of  $96 million from selling its 29.4 percent of Harbin Brewery Group to Anheuser-Busch Cos. and a gain of  $239 million from the disposal of 21 percent of South African retailer Edgars Consolidated Stores Ltd.,Business,Business,True
1702,"Montgomerie Has Strong Finish at Heritage (AP). AP - Ryder Cup star Colin Montgomerie had a birdie and eagle on the last two holes Thursday, shooting a 1-under-par 71 that left him four strokes behind the leaders after the first round of The Heritage.",Sports,Sports,True
1704,"ZigBee in danger of falling apart. The domination of the 802.16 process by a handful of vendors is often criticized, but at least it has resulted in a measure of unity that is looking increasingly enviable as the other key IEEE wireless efforts fall prey to dangerous fragmentation, which",SciTech,SciTech,True
1720,Fox Sports Net to Televise AFL Games (AP). AP - Fox Sports Networks will carry Arena League regular-season games on 11 of its regional networks in a deal announced Thursday.,Sports,Sports,True
1724,"US gets new cyber security chief. The US has a new head of cyber security, amid concerns about the Bush administration #39;s commitment to protecting computer networks from attack.",SciTech,SciTech,True
1725,"Ravens #39; Defense Sets Tone, Sidelines Steelers #39; Maddox in Victory. BALTIMORE -- The Baltimore Ravens rebounded from a stinging defeat by running over their hated rivals, the Pittsburgh Steelers. Jamal Lewis rushed for 62 yards and two touchdowns and Chester Taylor added a",Sports,Sports,True
1750,"Bush Tries to Mend Ties With Latin America (AP). AP - President Bush, trying to mend relations with Latin America, pledged Sunday to make a fresh push for stalled immigration reforms and defended the U.S. invasion of Iraq, saying that ""history will prove it right.""",World,World,True
1759,"Microsoft Tests MSN Messenger 7.0. A select group of testers next week will get an early look at MSN Messenger 7.0, the next version of Microsoft #39;s popular instant messaging client.",SciTech,SciTech,True
1760,Netflix Testing Networking System (AP). AP - Online DVD rental leader Netflix Inc. is putting social networking on its marquee of coming attractions for next year.,SciTech,SciTech,True
1774,"UN: Chad Could See More Darfur Refugees. GENEVA Aug. 20, 2004  Tens of thousands more refugees might flee Sudan #39;s Darfur region into neighboring Chad because of persistent attacks and rapes by Arab militias, the United Nations said Friday.",World,World,True
1777,"Apple Unveils Its Latest iMac, Months After Planned Debut (washingtonpost.com). washingtonpost.com - Apple Computer Inc. rolled out its latest iMac desktop computer at a convention for Mac users in Paris yesterday, a sleek model in which the processors and drives are packaged behind its 2-inch-thick monitor.",SciTech,SciTech,True
1782,Conference Urges Iraq To Involve Opposition. Representatives of two dozen nations and international organizations attending a conference on the future of Iraq pressed the country's interim government Tuesday to work harder to encourage opposition forces to participate in elections scheduled for January.,World,World,True
1798,"Shell, Sinopec in China Retail Venture. Royal Dutch/Shell Group (RD.AS: Quote, Profile, Research) (SHEL.L: Quote, Profile, Research) said it would jointly operate 180 gas stations in China by the end of 2004, the",Business,Business,True
1802,"Civil servants face strike ballot. Almost 300,000 civil servants will be balloted for a one-day national strike against government plans to cut jobs.",Business,World,True
1804,Group threatens to kill hostages. Arab TV channel al-Jazeera shows footage of what it says are three Western hostages kidnapped this week.,World,World,True
1805,"Will he Magically reappear?. We've been down this road so many times that it's easy to be skeptical, if not cynical. Except there are signs that this comeback by Grant Hill may not end up like the others.",Sports,Sports,True
1806,"Stocks Drop on  $49 Oil, Slowing Economy. US blue-chip stocks fell on Thursday to nearly a five-week low as crude oil touched  $49 a barrel, close to the record set last month, and a key gauge of future economic activity fell for a third straight month.",Business,Business,True
1811,"Zale Sees Deeper Loss, Hurricanes Hurt.  NEW YORK (Reuters) - Jeweler Zale Corp. &lt;A HREF=""http://www.investor.reuters.com/FullQuote.aspx?ticker=ZLC.N target=/stocks/quickinfo/fullquote""&gt;ZLC.N&lt;/A&gt; on Thursday  said its quarterly loss would be deeper than expected and sales  at stores open at least a year would be flat to down 1 percent,  hurt by the recent string of hurricanes in Florida, the U.S.  Southeast and Puerto Rico.",Business,Business,True
1815,"Woolworths tops rival pubs offer. Retailer Woolworths raised its bid Thursday for Australian Leisure  amp; Hospitality Group (ALH) by 15 percent to Aust.  $1.11 billion ( $795 million), topping an offer by private equity firm Newbridge Capital.",Business,Business,True
1818,"Toyota, Honda, Nissan Lead Asians to Peak US Share (Update4). Toyota Motor Corp. and Nissan Honda Co. led Asian automakers to a record share of the US market in October as improved quality and fuel efficiency bolstered demand for their newest car and light truck models.",Business,Business,True
1820,"Report: Carter off the court, in courtroom. According to a report in the Toronto Sun, Raptors #39; star Vince Carter will miss at least two exhibition games in order to settle a lawsuit.",Sports,Sports,True
1821,"BYU Hopes to Unseat Boise #39;s Bucking Broncos Friday. Playing its first game in Idaho since 1954, BYU faces another non-conference opponent Friday when they travel to Boise to take on No.",Sports,Sports,True
1823,France investigates airport gaffe. France launches an inquiry  into how airport police lost plastic explosives they hid in a passenger's luggage.,World,World,True
1824,"Steel Producer Nucor Sees Profit Soar.  NEW YORK (Reuters) - Nucor Corp., one of the largest U.S.  steel producers, on Thursday reported a more than 25-fold  increase in quarterly profit due to high steel prices, and said  it expected demand to remain strong next year.",Business,Business,True
1827,"Communism, capitalism forge throngs in Bucharest. BUCHAREST, Romania -- No parking spaces. Crippling traffic jams. Sky-high rents. Is this London, Rome, or Athens? No, it's Bucharest, where communism and capitalism have conspired to make it Europe's most crowded capital.",World,World,True
1844,"German, French Business Leaders to Discuss Industry Cooperation. French and German business leaders, headed by Cie. de Saint-Gobain SA Chief Executive Jean-Louis Beffa and ThyssenKrupp AG supervisory board chairman Gerhard Cromme, will form a working",Business,World,True
1860,"Iraq Can Be Good Engine of Growth in Region: IMF Chief. JEDDAH, 24 October 2004 - War-shattered Iraq, which will certainly benefit from a peaceful situation like any other country, has great potential for growth.",World,Business,True
1865,Iran Dismisses New Nuke Site Charge as 'A New Lie'.  VIENNA (Reuters) - A senior Iranian official said on  Thursday that the latest allegation that Tehran is hiding a  nuclear site from U.N. inspectors was a lie and denied that the  U.N. nuclear watchdog had even asked to visit it.,World,World,True
1866,Gateway PC Delivers New Motherboard Standard (PC World). PC World - BTX technology cools down the company's new 700GR desktop.,SciTech,SciTech,True
1874,"Tsvangirai to know his fate today. The verdict in Zimbabwe #39;s treason trial of Morgan Tsvangirai is expected today. Tsvangirai, the leader of the opposition Movement for Democratic Change (MDC), faces a possible death penalty if found guilty.",World,World,True
1883,"Twickenham #39;s Pro-Am. IT WAS expected to be a ritual slaughter and so it proved as the predominantly amateur Canada side was thrashed by England yesterday, but despite the feast of tries and impressive scoreline, Englands new manager, Andy Robinson will spend this coming",Sports,Sports,True
1884,"Job growth sluggish in September. The US economy experienced another month of disappointing job growth in September, adding to the trend of lackluster hiring that has made this one of the weakest labor market recoveries in modern history.",Business,Business,True
1900,"IBM to Expand Data Centers Across World.  SAN FRANCISCO (Reuters) - IBM is expanding and adding new  technology to 11 of its data centers in North America, Europe  and Asia to meet growing demand and rolled out new services to  customers, the world's largest computer company said late on  Thursday.",SciTech,Business,True
1905,"EU Gives Oracle Green Light To Buy PeopleSoft. It looks like only relatively minor administrative tasks stand between the two companies becoming one. By TechWeb News. The European Union has approved Oracle #39;s takeover of PeopleSoft, bringing the deal closer to completion.",SciTech,Business,True
1908,"Oil Rebounds After Iraq Pipeline Attack.  LONDON (Reuters) - Oil prices rose on Friday, stemming five  days of heavy losses as fresh sabotage attacks on Iraqi oil  infrastructure despite a peace deal in Najaf renewed concern  over the country's supplies.",World,Business,True
1913,"Bush Says He'll Better Protect Nation. ST. LOUIS - On the road and on the airwaves, President Bush is trying to paint this year's presidential race as a black-and-white decision for voters...",World,World,True
1916,"Moss to Miss Second Straight Game.  EDEN PRAIRIE, Minn. (Sports Network) - One day after being  upgraded to doubtful, Minnesota Vikings wide receiver Randy  Moss has been listed as out for Sunday's game against the Green  Bay Packers due to a right hamstring injury.",Sports,Sports,True
1930,"Study: U.S. needs foreign-born workers. Report backed by pro-visa group sees shortages in high-skill occupations, a view not shared by all.",Business,SciTech,True
1935,"French Open winner first seed to fall at Paris Masters. PARIS: Gaston Gaudio had no reason to celebrate on his return to Paris after his French Open victory, losing 7-5, 3-6, 6-1 to Spaniard Feliciano Lopez at the Paris Masters yesterday.",Sports,Sports,True
1937,Development May Endanger Protected Species (AP). AP - The Bush administration said Friday it will allow developers to complete construction and other projects even after belated discoveries that the work could endanger protected species.,SciTech,SciTech,True
1941,"Spitzer warns of further insurance industry woes. Disclosures of bid-rigging within the insurance industry may lead Congress to a  #39; #39;Pandora #39;s box quot; of unethical conduct, a top investigator told Congress",Business,Business,True
1942,"Bush May Mean Near-Term Gain, Later Pain for Blair. British Prime Minister Tony Blair may be relieved at Iraq ally George W. Bush #39;s re-election but analysts and politicians say any near-term gain could soon give way to problems",World,World,True
1947,"Turnover Helps Colts Derail Packers 45-31 (AP). AP - Peyton Manning and Brett Favre lived up to their superstar reputations, throwing nine touchdown passes between them. Still, it took a defensive play for the Indianapolis Colts to finally clinch their 45-31 win over the Green Bay Packers on Sunday.",Sports,Sports,True
1948,"Confident Germany Hold Brazil in Friendly Draw. The German contingent in the 74,000-strong crowd that packed out the new look Olympic Stadium in Berlin on Wednesday night were pleasantly surprised to see a positive, attacking Germany team draw 1-1 with Brazil.",Sports,Sports,True
1966,Rommedahl strike gives Charlton late 1-0 win. Charlton beat London rival Crystal Palace 1-0 on Sunday with an injury time winner from substitute Dennis Rommedahl. The win was Charlton #39;s second away win of the season and lifted the club three places to 10th.,Sports,Sports,True
1967,"U.S. Stocks Up, Ford Boosts Gains.  NEW YORK (Reuters) - U.S. blue chips advanced on Friday  after Ford Motor Co. &lt;A HREF=""http://www.investor.reuters.com/FullQuote.aspx?ticker=F.N target=/stocks/quickinfo/fullquote""&gt;F.N&lt;/A&gt; raised its earnings forecasts, while  wireless technology provider Qualcomm Inc. &lt;A HREF=""http://www.investor.reuters.com/FullQuote.aspx?ticker=QCOM.O target=/stocks/quickinfo/fullquote""&gt;QCOM.O&lt;/A&gt; checked  gains on Nasdaq after saying an accounting review may reduce  pretax income.",Business,Business,True
1968,Network Adds Delay to Nascar Telecasts. NBC is adding a 5-second delay to its Nascar telecasts after Dale Earnhardt Jr. used a vulgarity during a postrace interview last weekend.,Sports,Sports,True
1973,Karzai: Don #39;t Spray Our Poppies. A UN survey released this week showed Afghanistan this year supplied 87 percent of the world #39;s opium - the raw material for heroin - following record-high cultivation that has skyrocketed since the fall of the Taliban in 2001.,World,World,True
1974,"Fossil may fill gap in evolution. A 13-million-year-old fossil found in Spain may be that of the last common ancestor to all living great apes, including humans, researchers reported Thursday.",SciTech,SciTech,True
1976,"Coca-Cola Cuts Long-Term Earnings Targets. Soft drink giant Coca-Cola Co. (KO), stung by a prolonged downturn in North America and other markets, announced on Thursday that it was lowering key long-term earnings and sales targets.",Business,Business,True
1977,"Another Bad Handoff Dooms U.S. Relay Team (AP). AP - Maurice Greene grabbed the baton and accelerated toward the finish, blowing past a Nigerian and reeling in Britain's Mark Lewis-Francis. But even the self-proclaimed greatest sprinter of all time could not make up for a sloppy handoff earlier in the race Saturday, and his chest crossed the line just a hair behind the Brit's. The Americans were forced to settle for silver by an excruciating hundredth of a second.",Sports,Sports,True
1978,"Nigerian Oil Delta Rebels Say 'War' to Start Oct 1.  LAGOS (Reuters) - The Nigerian rebel group fighting  government troops in the oil-rich Niger delta said on Monday it  will launch ""all-out war on the Nigerian state"" from Oct. 1 and  advised all oil companies to shut production by then.",World,World,True
1982,"Calgary teammates among CFL Players of the Week. Toronto, ON (Sports Network) - Calgary Stampeders running back Joffrey Reynolds and defensive back Joey Boese were among the CFL Players of the Week announced Tuesday.",Sports,Sports,True
1985,"Court seeks probe into Hollinger #39;s fin transactions. VANCOUVER: An Ontario judge added another wrinkle to the controversy enveloping Hollinger and press baron Conrad Black, ordering a probe into the firms byzantine finances.",Business,Business,True
1991,"Artful Software Spots Faked Masterpieces. A new digital authentication technique supplies forensic art experts with a new tool to distinguish paintings by masters from those by imitators, scientists say.",SciTech,SciTech,True
1994,"9/11 Commission Formally Disbands. WASHINGTON - The Sept. 11 commission closes down Saturday, but its members plan to continue testifying before Congress and traveling the country to try to get the government to improve homeland security...",World,World,True
2004,"Lost Dreams May Show Stuff Dreams Are Made Of (Reuters). Reuters - A stroke that robbed a woman of her dreams may help pinpoint where and how dreams are born in the brain, scientists said on Friday.",SciTech,SciTech,True
2006,"Freddie Mac Restructuring Some Operations. Freddie Mac will shut down the market-making operations of its securities sales and trading unit as it restructures some mortgage-securities operations, the government-sponsored home-mortgage company said Monday.",Business,Business,True
2012,"EU-Iranian talks on resolving nuclear issue still on track &lt;b&gt;...&lt;/b&gt;. The Iranian parliament #39;s vote backing the resumption of uranium enrichment was mainly tactical, designed to strengthen Tehran #39;s hand in nuclear talks with the EU, rather than a rejection of European demands for a halt to enrichment, diplomats said Monday.",World,World,True
2017,"Experts Warn of Net Flu Vaccine Scam. Vaccines for sale online can be dangerous, and sellers could be perpetrating credit card fraud.",SciTech,SciTech,True
2022,"8 Terror Suspects Appear in British Court. LONDON - Eight suspects, including a man identified by the United States as a senior al-Qaida figure, appeared in a London court under heavy guard Wednesday as police investigated their alleged plot to commit murder and to cause mayhem with chemical, biological or radioactive materials.    A prosecutor also said police were searching about 100 computers and thousands of files, suggesting a protracted investigation that could produce more charges against the suspects, who were seized in raids across England two weeks ago...",World,World,True
2027,"It #39;s on to LA for the Giants. Bee Staff Writer. SAN DIEGO - The San Diego Padres returned the favor, and the playoff-chasing Giants gladly accepted it before a disappointed record crowd of 45,389 at Petco Park.",Sports,Sports,True
2028,"Judge Defers Decision in Oracle Takeover Bid. The dispute between Oracle and PeopleSoft will return to the courtroom next month, when the presiding judge will hear more testimony.",Business,Business,True
2032,"Telecom Italia to Buy Rest of Mobile Unit, People Say (Update2). Telecom Italia SpA, Italy #39;s largest phone company, plans to buy the 44 percent of wireless unit Telecom Italia Mobile SpA it doesn #39;t already own, a stake with a market value of about",Business,Business,True
2043,"Lecavalier #39;s OT goal sends Canada to World Cup final. Toronto, ON (Sports Network) - Vincent Lecavalier scored from a sharp angle on a second-chance opportunity 3:45 into overtime, lifting Canada to a 4-3 semifinal victory over the Czech Republic and sending the host country to the World Cup final.",Sports,Sports,True
2050,"Synovis shares tumble as profit, revenue fall. CHICAGO, Aug 18 (Reuters) - Shares of Synovis Life Technologies Inc.(SYNO.O: Quote, Profile, Research) tumbled 13 percent on Wednesday after the company reported a drop in quarterly net income and withdrew its annual and fourth-quarter outlook, citing ...",Business,Business,True
2054,"Delta Up on Financing, Analyst Upgrades.  CHICAGO (Reuters) - Shares of Delta Air Lines Inc. &lt;A HREF=""http://www.investor.reuters.com/FullQuote.aspx?ticker=DAL.N target=/stocks/quickinfo/fullquote""&gt;DAL.N&lt;/A&gt;  jumped 21 percent on Tuesday, as Wall Street analysts said the  possibility of a near-term bankruptcy diminished with the  carrier securing additional financing and intensifying  concession talks with its pilots.",Business,Business,True
2087,"Novell vs. Microsoft, Again. belmolis writes  quot;As they promised, Novell has filed suit against Microsoft over WordPerfect. Here #39;s the complaint, and here is Microsoft #39;s press release in response.",SciTech,Business,True
2096,"France 'unaffected' by oil surge. Crude oil's record-breaking run is not hitting consumer demand in France, the fastest growing euro zone economy, says budget minister Dominique Bussereau.",Business,Business,True
2099,"Killing of Filmmaker Yields Indictments in Netherlands. Description: Dutch authorities have indicted seven people in murder of a provocative filmmaker. Theo Van Gogh made films critical of Islamic violence against women and insulted Christians, Jews and others.",World,World,True
2116,North Korea Says South #39;s Navy Staged Provocation. North Korea accused the South #39;s navy on Tuesday of staging a grave provocation that could lead to a maritime skirmish after South Korean patrol boats fired warning shots to repel navy vessels from the North.,World,World,True
2118,AMD and IBM spread the love. AMD and IBM are extending a deal which has seen them co-operating on chip-making technology since 2002. The deal was due to end next year it will now run until December 2008.,SciTech,SciTech,True
2120,"Armitage: US Not Yet Seeking Sanctions on Iran. Iran should be  quot;brought to account quot; on its nuclear program, but Washington is open to ideas other than taking it to the UN Security Council for sanctions, US Deputy Secretary of State Richard Armitage said Wednesday.",World,World,True
2122,"A Daily Look at U.S. Military Iraq Deaths (AP). AP - As of Wednesday, Oct. 20, 2004, at least 1,103 members of the U.S. military have died since the beginning of the Iraq war in March 2003, according to an Associated Press count. At least 846 died as a result of hostile action, according to the Defense Department. The figures include three military civilians.",World,World,True
2123,"Haiti Copes With Storm Devastation; Deaths Pass 1,000 (Update1). Aid workers struggled to deliver food and supplies to survivors as the death toll in Haiti caused by Tropical Storm Jeanne reached at least 1,013, with 1,200 people missing, according to the United Nations.",World,World,True
2131,"Ganguly pays price for slow play. CALCUTTA, India -- India captain Sourav Ganguly has been banned for two Tests for his team #39;s slow over-rate in Saturday #39;s defeat against Pakistan, match-referee Clive Lloyd said on Sunday.",Sports,Sports,True
2137,"Homeland Security Still Falling Short With IT Work. GAO said the department has to work on seven key practices. It #39;s progress so far is a  quot;work in progress, quot; GAO says. By Eric Chabrow.",Business,SciTech,True
2152,"Taiwan Opposition Claims Victory. Taiwan's opposition parties, which favor closer ties with China, claimed victory in the parliament elections on Saturday, beating President Chen Shui-bian's pro-independence party after a tight race.",World,World,True
2160,"Apple unveils iMac G5. Just unveiled at Apple Expo Paris, the machine is indeed an all-in-one device that integrates the system into the display unit as per the original iMac but to an extent discarded with the second-generation,  #39;angle-poise #39; design.",SciTech,SciTech,True
2163,"Vivendi Flashes V for Victory. Vivendi (NYSE: V) is one of those complex behemoths of a firm that normally doesn #39;t make it onto my radar since, as a lazy Fool, I prefer my companies small and simple.",SciTech,Business,True
2167,"Hamas threatens to target Israelis abroad. GAZA, Gaza Strip - The Palestinian militant group Hamas threatened today to target Israelis abroad after blaming Israel for the killing of a Hamas official in Syria.",World,World,True
2181,"Next President Could Get to Reshape High Court (Reuters). Reuters - The winner of the presidential election could reshape the Supreme Court and could have a long-lasting impact on important issues such as abortion, gay marriages and church-state separation.",World,World,True
2186,"Franks Nursery  amp; Crafts files for Chapter 11. Franks Nursery Inc., a lawn and garden specialty chain that grew out of a Depression-era produce market in Detroit, filed for bankruptcy Wednesday for a second time and said it would close all 169 of its stores.",Business,Business,True
2191,"Costantino leads R.I. to win. SOUTH WILLIAMSPORT, Pa. -- Chris Costantino struck out Jacob Maxwell with the bases loaded to end the game as Lincoln, R.I., held on to beat Davenport, Iowa, 3-2, last night in Little League World Series action. Costantino finished with 15 strikeouts and allowed just four hits in picking up the win.",Sports,Sports,True
2208,"Students Aiming to Avoid the 'Freshman 15'. All-you-can-eat dorm dining. Late-night pizza parties. Tacos, burgers, barbecue, beer. It's a recipe for the ""freshman 15"" - as in 15 more pounds for the new college student.",Sports,SciTech,True
2217,"Second Bomb Injures 9 in Thai South - Witnesses.  BANGKOK (Reuters) - A second bomb exploded near a food  stall in southern Thailand on Friday, wounding at least nine  members of a bomb squad investigating an earlier blast that  wounded four people.",World,World,True
2218,"Fannie Mae Whistle-Blower Won't Testify. &lt;p&gt;&lt;/p&gt;&lt;p&gt; WASHINGTON (Reuters) - A former Fannie Mae employee whogave U.S. regulators information about alleged accountingirregularities will not testify as planned before acongressional hearing next week, the committee said Friday.&lt;/p&gt;",Business,Business,True
2226,"MetLife seen near sale of Hub invest unit. MetLife Inc. is in late-stage negotiations to sell one of Boston's oldest investment firms, State Street Research  amp; Management Co., to another New York financial giant, BlackRock Inc., according to two executives briefed on the talks.",Business,Business,True
2229,"Executive's death stuns State Street . The chief executive of State Street Global Advisors, Timothy B. Harbert, died of a heart attack on Tuesday night, the company said yesterday. He was 53.",Business,Business,True
2238,"Zimbabwe 'faces food shortages'. MPs say Zimbabwe will run out of food before next year's harvest, despite government assurances.",World,World,True
2240,"Report: Delta Reaches Deal with Pilots.  NEW YORK (Reuters) - Delta Airlines has reached a tentative  agreement with its pilots union on wage and benefit cuts aimed  at avoiding a bankruptcy filing, The Wall Street Journal said  in a report late Wednesday on its Web site.",Business,Business,True
2243,"Chrysler recalling 240,100 minivans. DETROIT - Chrysler is recalling 240,000 minivans because the radios may short circuit and cause a fire, the automaker said Monday.",Business,Business,True
2244,AOL Paddles Into Crowded Travel Pool. America Online dipped its toe into the onrushing online travel business Friday with an investment in closely held Kayak. AOL didn #39;t disclose details of the multiyear marketing-and-technology agreement.,Business,Business,True
2246,"Microsoft checks out new IE security flaw reports . Microsoft is investigating reports of a serious security flaw in Internet Explorer (IE), but has not yet seen malicious code that exploits the reported flaw, the company said Thursday.",SciTech,SciTech,True
2247,"Asian Development Bank President to resign in 2005. The President of the Asian Development Bank (ADB), Tadao Chino, Tuesday announced that he would resign on 31 January 2005, more than six years after he took the position.",World,Business,True
2249,"German Stocks Decline; Munich Re, Allianz Pace Drop by Insurers. New York Attorney General Eliot Spitzer yesterday sued Marsh  amp; McLennan Cos., alleging the world #39;s largest insurance broker took payoffs to steer clients to some insurers.",Business,Business,True
2251,Motorsport: BAR win contract tug-of-war over Button. SAO PAULO - Briton Jenson Button will drive for BAR next year but is likely to join Williams in 2006 after Formula One #39;s Contract Recognition Board (CRB) ended a tug-of-war between the teams today.,Sports,Sports,True
2252,"Chiofaro files plan to skirt takeover. International Place developer Donald J. Chiofaro said yesterday a new partner will put a quarter of a billion dollars into his two downtown towers, a financial rescue that would reduce his ownership share considerably but stave off an impending takeover by his current lender.",Business,Business,True
2253,"Thomson to Back Both Blu-ray and HD-DVD. Company, one of the core backers of Blu-ray, will also support its rival format.",SciTech,SciTech,True
2254,"Vodafone Peddles New BlackBerry. Research In Motion #39;s BlackBerry 7100v, which sports the company #39;s latest keyboard technology, is being offered exclusively through Vodafone.",SciTech,SciTech,True
2255,Telstra announces  $750m share buy back. Telstra Corp has announced a  $750 million off-market share buy-back as part of its capital management program. Telstra expects to return  $1.,Business,Business,True
2263,"Putin ally  #39;is winner #39; of Chechen election. A pro-Kremlin former policeman has become president of Chechnya, according to partial results last night of an election held after a week of rebel attacks made a mockery of Moscow #39;s claim to have pacified the republic.",World,World,True
2267,"Dell blade server technology helps Isotrak create infrastructure &lt;b&gt;...&lt;/b&gt;. Johannesburg, 22 November 2004 - Isotrak, a leading UK end-to-end logistics solutions provider (2), today announced the successful implementation of Dell PowerEdge blade server technology.",SciTech,SciTech,True
2274,"US forces launch major offensive on Samarra. Doctors at Samarra #39;s hospital said 47 bodies were brought in, including 11 women, five children and seven elderly men. They. said ambulances could not reach many wounded as fighting, which lasted throughout the night, was still going on.",World,World,True
2278,"Suicide Bomber Kills at Least 18 in Pakistani Mosque.  ISLAMABAD (Reuters) - A suicide bomber killed at least 18  people in a mosque packed with worshippers and wounded more  than 40 during Friday prayers in the eastern Pakistani city of  Sialkot, police said.",World,World,True
2279,"Rockets Hit Downtown Baghdad Sheraton. BAGHDAD, Iraq Oct. 7, 2004 - Rockets struck a Baghdad hotel housing foreign contractors and journalists late Thursday, drawing return fire and underscoring the precarious security in the heart of the Iraqi capital.",World,World,True
2281,"Arctic Thaw. NOT ONLY HAS it moved beyond the realm of science fiction, but the Arctic ice cap #39;s melting has been much faster than anyone has suspected.",SciTech,SciTech,True
2285,"Heavy storms pound Italy; two killed when landslide sweeps house. Two Italians were killed in a landslide this weekend as fierce storms pounded the country, causing floods that slowed trains, cut off traffic and forced hundreds of people to evacuate their homes.",World,World,True
2288,Serbian Assassination Suspect in Court (AP). AP - The chief suspect in the slaying of Serbia's first democratic prime minister since World War II returned to court Monday for a trial that has been marred by delays and bureaucratic tie-ups.,World,World,True
2291,Saturday qualifying at Japanese GP postponed due to typhoon. Qualifying for the Japanese Grand Prix scheduled for Saturday was postponed Friday because a typhoon was approaching the area. Race organizers and Formula One moved pre-qualifying and,Sports,Sports,True
2296,"EU Leaders to Sign Constitution Today. Italian carabinieri patrol Rome #39;s Capitoline Hill square, designed by Michelangelo , Thursday, Oct. 28, 2004, the night before the signing of the first ever EU Constitution.",Sports,World,True
2302,"PM advised complete rest today. New Delhi, Aug. 29 (UNI): Prime Minister Manmohan Singh, who was indisposed yesterday, due to viral fever, is taking complete rest today, a PM #39;s aide said.",World,World,True
2304,"U.S. OKs Status of 10 Guantanamo Prisoners. GUANTANAMO BAY NAVAL BASE, Cuba - U.S. military review panels have decided not to release 10 Guantanamo Bay detainees, concluding they were properly classified as ""enemy combatants,"" a military official said Saturday...",World,World,True
2306,More Data Sought on Drug for Sex Drive. An advisory panel said that the first drug to enhance the sex drive of women should not be approved because of a lack of information about its long-term safety.,Business,Business,True
2307,NBA Wrap: Mavericks Come Back to Beat Golden State. DALLAS (Sports Network) - Dirk Nowitzki scored 25 points and grabbed 10 rebounds as the Dallas Mavericks overcame an early 17-point deficit for a 101-98 overtime victory against Golden State at American Airlines Center.,Sports,Sports,True
2308,3 Giants Create New Online Music Service. Three major recording companies have agreed to make their music available to be shared and sold over a new online file-swapping service that aims to lure music fans away from rival,SciTech,SciTech,True
2310,"Amazon.com, Microsoft sue spammers,  #39;phishers #39;. Amazon.com Inc. and Microsoft Corp. have filed several lawsuits in various Seattle courts aimed at computer spammers and  quot;phishers quot; who use a look-alike Amazon.",SciTech,Business,True
2313,"Purdue's Defense Is Pretty Good, Too (AP). AP - There was a reason all the preseason hubbub about Purdue was on its offense, and it wasn't just because of Kyle Orton's spectacular arm.",Sports,Sports,True
2316,"KPMG Units Agree to Pay to Settle Malpractice Suits. The American and Belgian arms of KPMG International, a global accounting cooperative based in Switzerland, have agreed to pay  $115 million to settle claims of accounting malpractice growing",Business,Business,True
2327,IBM bets on sensor unit. IBM was to announce on Monday that it would invest  $250 million over the next five years and employ a thousand people in a new business unit to support products and services related to sensor networks.,SciTech,SciTech,True
2330,"Former star Murphy testifies in sex assault trial. HOUSTON - Taking the stand in his own defense, Hall of Fame basketball player Calvin Murphy denied allegations that he sexually abused five of his 10 daughters.",Sports,Sports,True
2339,Can Biotech Crops Be Good Neighbors?. The spread of pollen or seeds from genetically engineered plants is evolving from an abstract scientific worry into a significant practical problem.,SciTech,SciTech,True
2342,HP developing 'smart rack' to ease data center work. Company shows off labor-saving data center technology at Palo Alto research lab.,SciTech,SciTech,True
2353,"Gateway aims to reduce hot air. The Irvine, Calif., PC maker on Thursday will revamp its E-Series line of desktop PCs for businesses with three new models, including a 6300 that sports a new motherboard design, dubbed Balanced Technology Extended (BTX), that helps machines run cooler",SciTech,SciTech,True
2354,"Baghdad Blast Kills 17. U.S. troops hunted rebels in the battered Iraqi city of Fallujah on Thursday, but rebels hit back with an armed rampage in Mosul and a powerful car bomb that killed 17 people in a crowded Baghdad street.",World,World,True
2357,"EPA works with IBM on grids. Environmental Protection Agency officials are linking with IBM Corp. on a major new grid computing program aimed at improved air pollution modeling and environmental risk assessments, and whose grid capabilities may be offered as a service in the future.",SciTech,SciTech,True
2367,"Vogts Expects Victory. The game certainly is a must-win affair if the Scots are to have any chance of qualifying for the 2006 World Cup finals. With just one point from home games with Slovenia and Norway, they are already trailing in Group Five.",Sports,Sports,True
2368,"Glavine shaky in first start since taxi crash. SAN FRANCISCO - Mets left-hander Tom Glavine endured a shaky return in his first pitching appearance since he lost two front teeth in a taxi accident, as New York beat San Francisco 11-9 in 12 innings yesterday.",Sports,Sports,True
2376,"Cognos Offers SK390.8 Mln for Frango; Stock Surges (Update3). Cognos Inc., the largest Canadian software maker, offered to buy Sweden #39;s Frango AB for 390.8 million kronor ( $51.7 million) to expand in corporate performance management software.",Business,Business,True
2378,"Palestinians Reject Sharon's Peace 'Test'.  RAMALLAH, West Bank (Reuters) - The Palestinian Authority  on Friday rejected Israeli Prime Minister Ariel Sharon's new  and seemingly softer terms for restarting peace talks, saying  he should drop all conditions for dialogue.",World,World,True
2380,Titans' McNair Injured in Loss to Jaguars (AP). AP - Tennessee quarterback Steve McNair bruised his sternum on a 2-point conversion late in the fourth quarter of Tennessee's 15-12 loss to Jacksonville.,Sports,Sports,True
2382,"High Court Considers Immigration Cases (AP). AP - The Supreme Court considered Tuesday whether the government can send immigrants back to countries that haven't agreed to accept them, a question that will determine the fate of thousands of Somalis resisting deportation to their war-torn homeland.",World,World,True
2393,North Korea Says Talks with U.S. Are Pointless (Reuters). Reuters - North Korea described President Bush on Monday as a tyrannical political imbecile who put Adolf Hitler in the shade and said Pyongyang could see no justification for talks with his administration.,World,World,True
2396,Oil Down  $2 as U.S. Winter Stays Mild.  NEW YORK (Reuters) - Oil prices slid  $2 on Monday on  expectations that more mild U.S. weather at the start of the  New Year will limit heating oil demand.,Business,Business,True
2401,Airlines Ordered to Turn Over Passenger Data. The Transportation Security Administration announced on Tuesday that it will order domestic airlines to turn over personal information about passengers to test a system that will compare their names to those on terrorist watch lists.,Business,SciTech,True
2402,"Turkey Movie Theater Fire Injures Dozens. ISTANBUL, Turkey - A fire broke out at a movie theater during a gala premiere Tuesday night, injuring dozens of people - none seriously, officials said.",World,World,True
2405,Keegan backing City for an upset. KEVIN Keegan believes that Manchester City can end 30 years of Old Trafford derby heartache if his players hold their nerve tomorrow.,Sports,Sports,True
2411,AOL Offers Added Security (PC World). PC World - Online giant teams up with RSA Security to keep users' account info safe.,SciTech,SciTech,True
2430,Van foursome points way for Rooney and co. Ruud van Nistelrooy #39;s foursome against Sparta Prague in the Champions League has left Manchester United manager Alex Ferguson hungry for more.,Sports,Sports,True
2432,"Union agrees to Karstadt job cuts. Struggling German department store KarstadtQuelle reaches agreement with its main union to cut 5,500 jobs,  a move which should help save  it 760m euros.",Business,Business,True
2435,"Oil price at new record of above  $54 pb; Brent crosses  $51 pb. NEW YORK, October 12 (newratings.com) - World crude oil prices continued their upward rally today above  $54 per barrel, rising to new record high levels for the sixth consecutive day.",Business,Business,True
2439,"South American leaders vow to create an EU-styled political union. With the European experience in their minds, South American leaders meet this week in Cuzco, the millenarian capital city of the Inca #39;s Empire in Peru, in an attempt to set the basis of the political unification of the continent and speed up the",World,World,True
2440,"InPhonic Shares Gain During Debut. Shares of InPhonic Inc., a Washington reseller of wireless service and telephones over the Internet, rose 26 percent Tuesday on their first day of trading..&lt;br&gt;&lt;FONT face=""verdana,MS Sans Serif,arial,helvetica"" size=""-2"" color=""#666666""&gt;&lt;B&gt;-The Washington Post&lt;/B&gt;&lt;/FONT&gt;",SciTech,SciTech,True
2443,"PeopleSoft Denies Execs Visited Oracle (Reuters). Reuters - PeopleSoft Inc.  on Tuesday denied an analyst report that its executives recently met with Oracle Corp. , the rival software vendor that last year launched a hostile bid for PeopleSoft.",SciTech,SciTech,True
2445,"Dutch Arrest Saddam's Suspected Nerve Gas Supplier (Reuters). Reuters - Police have arrested a Dutch national suspected of supplying thousands of tons of ingredients for mustard gas and nerve gas to Iraq under toppled leader Saddam Hussein, prosecutors said Tuesday.",World,World,True
2453,"Remote Access Gets Safer, Easier (Ziff Davis). Ziff Davis - Opinion: As competition heats up, iPass is the latest remote-access provider to announce favorable Wi-Fi pricing for enterprise customers.",SciTech,SciTech,True
2461,"Rough weekend for Big 12 North. Going into the season, there were many uncertainties about the quality of the Big 12 North. And questions remain with Missouri, Kansas State and Nebraska suffering upsets this past week.",Sports,Sports,True
2463,"No. 1 Illinois 74, Georgetown 59. WASHINGTON - Chants of  quot;Overrated! Overrated! quot; bellowed from the Georgetown fans even before the opening whistle. Illinois needed about 14 minutes to shut them up.",Sports,Sports,True
2466,"Olympics-Federer #39;s Olympic dream shattered twice over. ATHENS, Aug 17 (Reuters) - World number one Roger Federer #39;s top target for the year -- an Olympic tennis gold medal -- was taken away from him in a  quot;terrible day quot; on Tuesday.",Sports,Sports,True
2476,"Ichiro Breaks Sisler #39;s Season Hits Record. SEATTLE Oct. 2, 2004 - No. 258 for Ichiro Suzuki was like so many others, a little ground ball up the middle. Only this one made history, a hit cheered  #39;round the world.",Sports,Sports,True
2477,"EU agrees to membership talks with Turkey. HAMISH ROBERTSON: In an historic decision, the leaders of the European Union have agreed to open membership talks with Turkey, after the Turkish Prime Minister pledged to recognise the Greek-Cypriot Government next year.",World,World,True
2478,"Hamas Gunmen Vow More Attacks on Israel. JEBALIYA REFUGEE CAMP, Gaza Strip - Israeli troops and aircraft hit hard at Palestinian militants Saturday, killing at least 10 on the third bloody day of a massive Israeli incursion into the Gaza Strip's largest refugee camp, as masked Hamas gunmen vowed more rocket attacks on Israeli towns.    About 2,000 soldiers have taken control of a 5-mile-deep chunk of northern Gaza to counter militants firing homemade rockets into Israel...",World,World,True
2486,"'Truly' takes San Gabriel. Truly a Judge edged Star Cross by a length yesterday in Arcadia, Calif., to win the  $150,000 San Gabriel Handicap at Santa Anita Park.",Sports,Sports,True
2489,"Ivory Coast military planes attack ex-rebel Bouake. ABIDJAN (AFP) - Two Ivory Coast military aircraft carried out a second raid on Bouake, the stronghold of the former rebel New Forces (FN) in the divided west African country, a French military source told AFP.",World,World,True
2498,"Jordan Indicts Al-Zarqawi in Conspiracy. AMMAN, Jordan - Jordan's military prosecutor indicted 13 alleged Muslim militants Sunday, including Abu-Musab al-Zarqawi - one of the most wanted insurgents in Iraq - for an al-Qaida linked plot to attack targets in Jordan with chemical and conventional weapons, officials said Sunday.    Al-Zarqawi and three others from the group remain at large and will be tried in absentia, officials said...",World,World,True
2505,"USC superior in almost every area. The 2003 co-national champion USC Trojans, coming off a 12-1 season and a Rose Bowl victory, and the Virginia Tech Hokies, who finished last season 8-5 with an Insight Bowl loss to Cal, meet",Sports,Sports,True
2509,"William Shatner pledges USD 200k for Space Travel. Traveling in space has been a desire for many since ages. Nevertheless, it only seems to be coming true in this millennium. Even though we are still years away from mass scale space tourism, the enthusiasm",SciTech,SciTech,True
2513,"Nokia #39;s First NFC Product - Why it #39;s Important. Nokia has lifted the lid on the worlds first NFC (Near Field Communication) equipped mobile phone by adding the special NFC clip-on shell to their 3220, a tri-band camera phone that is available in two versions (Euro/Asia  amp; America).",SciTech,SciTech,True
2521,"Ode to ancient Games, nudity and all. THE OLYMPICS may have returned to the land of their birth, but even as these games wind down, the stadiums in Athens remain eerily empty.",Sports,Sports,True
2523,"Another Comeback Victory, Another Division Title for Yankees. It took 61 come-from-behind victories, a major league record, to achieve what the Yankees did Thursday, win a seventh consecutive A.L. East title.",Sports,Sports,True
2531,"Tennis: Agassi, Hewitt Advance to Legg Mason Semifinals. Two former world-number-one tennis stars, American Andre Agassi and Lleyton Hewitt of Australia, have advanced to the semifinals of the Legg Mason Classic in Washington.",Sports,Sports,True
2535,"Just 3 of 18 candidates for president attend debate. KABUL, Afghanistan -- It was not exactly riveting: three candidates and the representatives of 12 others sat at a horseshoe-shaped table yesterday droning out near-identical speeches outlining plans to fight corruption, exploit the nation's untapped copper and gold resources, and improve pay for civil servants.",World,World,True
2538,"France to Host Nuclear Fusion Project - EU Source (Reuters). Reuters - The European Union is confident of a deal on Tuesday for France to host a  #36;12 billion global nuclear fusion project after Japan signaled it would give up its bid in return for compensation, an EU source said on Monday.",World,SciTech,True
2539,Inauguration for tallest bridge. The world's highest traffic bridge is to be inaugurated in southern France by President Jacques Chirac.,World,World,True
2545,"Warner to Start Against the Jets. Kurt Warner will start Friday night, but both Giants quarterbacks will play on the starting offense, which is expected to play until the middle of the third quarter.",Sports,Sports,True
2552,"Sun #39;s fighting chance. Its plan? Attack Red Hat, use control over the operating system and the platform to disrupt competitors #39; pricing and business models, out-engineer everybody in the x86 space and use an alliance with Microsoft to fight a common enemy: IBM.",SciTech,Business,True
2554,".mobi domain approved. ICANN, the body that oversees the core functionality of the Internet and is responsible for regulating top level domains or TLDs (such as .",SciTech,SciTech,True
2556,"Kerry Links Iraq War, U.S. Economic Woes. WASHINGTON - Democrat John Kerry sought to link the Iraq war to U.S. economic woes on Wednesday, calling President Bush's move against Baghdad a ""catastrophic choice"" that so far has drained  $200 billion in needed resources at home...",World,World,True
2558,"Argentine Political Exile Wins Claim for Damages.  BUENOS AIRES, Argentina (Reuters) - Argentina's Supreme  Court ruled for the first time on Thursday that someone who  fled the country fearing political persecution during the 1970s  ""dirty war"" should receive damages from the government.",World,World,True
2567,"ATA Files for Bankruptcy.  LOS ANGELES (Reuters) - ATA Holdings Corp. &lt;A HREF=""http://www.investor.reuters.com/FullQuote.aspx?ticker=ATAH.O target=/stocks/quickinfo/fullquote""&gt;ATAH.O&lt;/A&gt;, parent  of struggling low-cost carrier ATA Airlines, on Tuesday filed  for Chapter 11 bankruptcy protection as falling fares and  soaring fuel prices drained it of cash.",Business,Business,True
2568,Attacks disrupt some credit card transactions. Online credit card processor Authorize.net on Wednesday acknowledged that large-scale data attacks have disrupted credit card processing for its Internet merchants over the last week.,SciTech,SciTech,True
2570,"Halliburton may shed KBR unit. Halliburton, beset by controversy over its work in Iraq, said Thursday that it would sell its KBR engineering and construction unit if the oilfield services company #39;s share performance did not measure up to sector rivals.",Business,Business,True
2572,"Sources Say Tiger Woods to Wed This Week. BRIDGETOWN, Barbados - Tiger Woods says he's planning a Caribbean vacation, but Barbados is abuzz with reports that he's set to wed Swedish model Elin Nordegren this week.    Newspapers in Barbados and Ireland have reported that the two are to marry early this week at the Sandy Lane luxury resort on the Caribbean island's west coast...",World,World,True
2580,Olympics-Athletics-Invincible Sanchez storms to gold. Red-hot favourite Felix Sanchez made history for the Dominican Republic when he streaked to victory in the men #39;s Olympic 400 metres hurdles final.,Sports,Sports,True
2582,"Online Search Universe Is Expanding. To get an idea of how hot Web search is, go talk to Raul Valdes-Perez, a Carnegie Mellon University professor who is leading a search technology start-up called Vivisimo Inc.",SciTech,Business,True
2585,"Woods in No Hurry After His Marriage (AP). AP - Tiger Woods always said he had to win a major for it to be considered a great year, but he might have found an exception last week when he got married in Barbados.",Sports,Sports,True
2599,"Barack Obama Gets  #36;1.9 Million Book Deal (AP). AP - U.S. Sen.-elect Barack Obama, whose 1995 book jumped onto best seller lists after his keynote address to the Democratic National Convention, has landed a three-book deal worth  #36;1.9 million.",World,World,True
2607,Treasuries Trim Gains After GDP Data (Reuters). Reuters - Treasury debt prices trimmed early gains on Friday after U.S. economic data proved to be not quite as weak as some bulls had been betting.,Business,Business,True
2618,"Natural gas giant Gazprom to participate in Russian auction of key &lt;b&gt;...&lt;/b&gt;. The nascent petroleum division of natural gas giant Gazprom will bid for the crown jewels of the battered Yukos oil empire, its chief said Tuesday - a widely anticipated move that could put the heart of the company jailed billionaire Mikhail",Business,Business,True
2628,"Madrid to finish bomb hoax match. MADRID (AFP) - Real Madrid and Real Sociedad will play out the remaining six minutes of Sunday #39;s match, which was interrupted by a bomb hoax purporting to come from ETA, on January 5. The clubs were drawing 1-1 when police evacuated 70,000 spectators.",Sports,Sports,True
2634,"HP unveils low-cost corporate copier. With streamlined multifunction device, tech giant aims to gain ground in business copier market.",SciTech,SciTech,True
2635,"TrueSecure to merge with New York company. Herndon-based information technology security company TrueSecure is merging with New York-based Betrusted Holdings, creating what the companies say is the largest privately held IT security company with  $160 million in annual revenue.",Business,SciTech,True
2640,CBS Says It Can't Vouch for Bush Documents. CBS admitted today that it cannot vouch for the authenticity of documents used to support a story that questioned President Bush's National Guard service.,SciTech,World,True
2646,"GDP in Q3 grows 6.3. DESPITE the budget deficit, continued increases in oil and consumer prices, the economy, as measured by gross domestic product, grew by 6.3 percent in the third",Business,Business,True
2651,"Bush Hits Kerry on U.S. Needing 'Global Test' (Reuters). Reuters - President Bush said on Saturday Democrat John Kerry's debate remark that U.S. preemptive military action should be subject to a ""global test"" would give other nations a veto over American national security decisions.",World,World,True
2652,Apple iTunes UK suffers snags. Some Macworld Online readers have experienced problems using the UK iTunes Music Store in recent days. Letters received by Macworld confirm multiple instances in which users trying to access,SciTech,SciTech,True
2653,"Four Palestinians, one Israeli soldier killed in Gaza. Ezz Eddine al-Qassam groups, the military wing of the Islamic resistance movement Hamas claimed responsibility for the operation held today and resulted in killing one Israeli soldier and injuring other four to the east of al-Shuja #39;eya quarters in Gaza.",World,World,True
2654,"Mac-to-BlackBerry synchronization app launched. In what may someday may be nicknamed the MacBerry, Information Appliance Associates (IAA) announced this week a product called PocketMac BlackBerry, a synchronization application that will give RIM BlackBerry users the ability to do two-way synching of Mac and RIM data.",SciTech,SciTech,True
2658,"Aussie debutant, India #39;s smiling assassin shine on first day. BANGALORE: Anil Kumble hardly shows his emotions on the field. The day offered an exception. Kumble allowed himself the luxury of an extravagant display of his jubilation.",Sports,Sports,True
2662,"Cambodia Women's Shelter Closes After Raid (AP). AP - A shelter for women and girls forced into the sex trade temporarily shut its doors Friday after gunmen kidnapped 92 of its occupants and made death threats against the staff, the shelter's director said.",World,World,True
2666,"Detroit 'African Town' Plan Stirs Debate (AP). AP - Detroit has a Greektown section that tempts visitors with moussaka and baklava, and a Mexicantown neighborhood with Latin American groceries and restaurants. Now, politicians are pushing for a business district identified with the city's biggest minority group  #151; blacks.",World,World,True
2672,"Exam board clears Harry. London, Oct. 16: Prince Harry was cleared yesterday of cheating in his art A-level by the examination board that set and marked his papers.",Business,World,True
2678,"Mercury Interactive unveils a tool to let users, not just IT, test applications. In an effort to reduce the cycle time between application design and testing and when the application is put into production, Mercury Interactive introduced this week Mercury Business Process Testing. The application will be part of the Mercury Quality Center suite of applications.",SciTech,SciTech,True
2681,Crude prices fall despite attacks on Iraq pipeline. LONDON: World oil prices fell strongly yesterday for the second day running as worries over supply disruptions eased with traders claiming overnight pipeline attacks in major producer Iraq were unlikely to affect the country #39;s crude exports.,Business,Business,True
2689,"Putin fires North Ossetia interior minister, regional FSB head (AFP). AFP - President Vladimir Putin sacked the interior minister of North Ossetia and the regional head of the FSB security service, one week after the massacre at a school in the republic, the Kremlin press service said.",World,World,True
2696,HP boosts share repurchase plan. Printer and PC maker Hewlett-Packard Co. said Monday it bought  $1.3 million in common shares back from Merrill Lynch and its board approved the buyback of an additional  $3 billion in shares.,Business,Business,True
2701,F1: Panis to quit racing. Toyota's Olivier Panis will retire from Formula One at the end of the 2004 season.,Sports,World,True
2703,"Int #39;l Game Tech Posts Lower Profit. International Game Technology #39;s fourth-quarter profits declined 50 percent, hit by early redemption of senior notes, but the world #39;s largest maker of slot machines and other gambling devices",Business,Business,True
2704,"Kidd Says Hello, Then Ruins Scott #39;s Return. There might not be much love between Nets #39; captain Jason Kidd and his former coach, Byron Scott. But Kidd obviously wanted to make sure everybody on press row",Sports,Sports,True
2710,"Hurricane Ivan Kills 12 in Grenada (AP). AP - The most powerful hurricane to hit Grenada in nearly a decade killed at least 12 people, damaged 90 percent of its homes and destroyed a prison, leaving criminals on the loose, officials said Wednesday. American students took precautions against looters.",World,World,True
2715,"DJ Sees Profit Shortfall on Weak Ad Sales.  NEW YORK (Reuters) - Dow Jones   Co. on Wednesday cut its  earnings forecast for the current quarter, citing weakness this  month in key advertising categories at its flagship newspaper,  The Wall Street Journal.",Business,Business,True
2721,"Van Persie will not face FA charge. LONDON, England -- The English FA will not take any action against Arsenal #39;s young striker Robin van Persie for aiming an elbow at Manchester United #39;s Kieren Richardson during Wednesday #39;s League Cup quarterfinal at Old Trafford.",Sports,Sports,True
2723,Holyfield appeals medical suspension. NEW YORK (AFP) - Former world heavyweight champion Evander Holyfield is appealing a medical suspension imposed upon him by the New York State Athletic Commission following his loss to fellow American Larry Donald.,Sports,Sports,True
2725,"Senate Wants Intel Chief With Budget Say (AP). AP - The committee writing the Senate's intelligence reorganization plan is recommending creation of a strong national intelligence director with spending power, while leaving the Pentagon in charge of some military spy agencies.",World,World,True
2732,IBM Puts Security at Your Fingertips. ThinkPad T42 series notebooks now feature an embedded fingerprint reader.,SciTech,SciTech,True
2738,Apple iTunes accepts PayPal. Apple and PayPal announced on Friday that the US incarnation of the iTunes Music Store (ITMS) now accepts payment via PayPal #39;s Virtual Wallet.,SciTech,SciTech,True
2739,"ABCs of the BCS. Six conference champions and two at-large teams will make up the participants in the four BCS bowl games, guaranteeing their schools huge paydays.",Sports,Sports,True
2743,No. 5 Illini hammer No. 1 Demon Deacons. Illinois #39; lead peaks at 32 points as it extends home streak to 35 victories over nonconference opponents. The Atlantic Coast Conference has won its five previous challenges with the Big Ten by an aggregate 27-17 record.,Sports,Sports,True
2748,"Shadow Of Iraq Hangs Over UN Meet. UNITED NATIONS (AFP) - US President George W. Bush and UN Secretary General Kofi Annan were set to trade barbs on the opening day of the two-week session of the UN General Assembly, with the aftershocks of the Iraq war still at the top of the",World,World,True
2758,"Crude, Heating Oil Set Records on Storage Draw. November light, sweet crude oil futures rose as much as 96 cents on the New York Mercantile Exchange to US $54.60 a barrel, the highest price in 21 years of trading.",Business,Business,True
2759,"eBay grabs the lot in Korea. EBay, the online marketplace, yesterday continued its push across the globe with a  $530m (296m) offer to take full control of its South Korean affiliate, Internet Auction Co.",SciTech,SciTech,True
2766,Rumsfeld in Iraq abuse complaint. US lawyers file a criminal complaint against Defence Secretary Donald Rumsfeld over  abuses at Abu Ghraib jail in Iraq.,World,World,True
2770,"US economic barometer down 0.3 in third straight decline. WASHINGTON : A closely watched index of future economic activity fell 0.3 percent in August, the third consecutive monthly decline, the Conference Board said on Thursday.",Business,Business,True
2776,"Hitchhiker gets 1m web listeners. A million people have listened to internet repeats of Douglas Adams' Hitchhiker's Guide to the Galaxy, the BBC says.",SciTech,World,True
2777,"Novell #39;s MS complaint: we wuz robbed. Analysis If the antitrust lawsuit that Novell filed against Microsoft comes to court, it will reopen long-forgotten battles over technologies that most of us will even have trouble remembering.",SciTech,SciTech,True
2779,"Before-the-Bell: Sanderson Farms Falls.  NEW YORK (Reuters) - Shares of Sanderson Farms Inc.  &lt;A HREF=""http://www.investor.reuters.com/FullQuote.aspx?ticker=SAFM.O target=/stocks/quickinfo/fullquote""&gt;SAFM.O&lt;/A&gt; sunk nearly 16 percent before the bell on Tuesday,  after the chicken producer's quarterly earnings fell short of  Wall Street estimates.",Business,Business,True
2780,Schwarzer heroics could spark Old Trafford move. Australian international goalkeeper Mark Schwarzer increased his chances of a move to Manchester United with an inspired display to earn Middlesbrough a deserved 1-1 draw at Old Trafford.,Sports,Sports,True
2781,"Dutch bank to lay off 2,850 staff. ABN Amro, the Netherlands #39; largest bank, is to cut 2,850 jobs as a result of falling profits. The cuts - amounting to 3 of the bank #39;s workforce - will result in a one-off charge of 790m euros ( $1.1bn).",Business,Business,True
2783,"Lehman Near Deal on Enron Lawsuit-Source (Reuters). Reuters - Lehman Brothers Holdings Inc.  has tentatively agreed to pay  #36;222.5 million to settle an investor lawsuit over its role as an underwriter for Enron Corp., a person familiar with the situation said on Thursday.",Business,Business,True
2804,"Nobody Blinked. It is easy to feel disappointed by the outcome, or the lack thereof, of the first meeting of the foreign ministers of India and Pakistan after the signing of the historic Islamabad declaration in January.",World,World,True
2813,"Suzuki singles into history. SEATTLE - Chasing a nearly forgotten ghost of the game, Ichiro Suzuki broke one of baseball #39;s oldest records Friday night, smoking a single up the middle for his 258th hit of the year and breaking George Sisler #39;s record for the most hits in a season",Sports,Sports,True
2823,"Rescue mission for The Rocket. Not that the Astros were tight heading home down 0-2 to the Cardinals, but knowing Roger Clemens would be taking the mound for Saturday #39;s Game 3 of the National League Championship Series had to be a comforting thought.",Sports,Sports,True
2827,Transmeta suffers hype and hardware reality. Perhaps the decision to name its flagship product after a fictional shipwrecked traveler who spent almost 30 years trapped on a small island was not the best of omens for Transmeta Corp.,SciTech,SciTech,True
2831,"Rice Defends Characterization of Saddam. WASHINGTON - National security adviser Condoleezza Rice on Sunday defended her characterization of Saddam Hussein's nuclear capabilities in the months before the Iraq invasion, even as a published report said government experts had cast doubt at the time.    In the run-up to the March 2003 war, Rice said in a television interview in 2002 that the Iraqi president was trying to obtain high-strength aluminum tubes to rebuild his nuclear weapons program...",World,World,True
2846,Solberg digs deep to claim victory in Wales. WORLD champion Petter Solberg admitted he needed all his reserves of speed to complete a hat-trick of Wales Rally GB wins. The Norwegian stole victory from world championship leader Sebastien Loeb with a brave,Sports,Sports,True
2851,"US insurers sued for rigging bids. NEW YORK : New York Attorney General Eliot Spitzer sued Thursday a major US insurance brokerage firm, Marsh and McLennan Co, for steering clients to insurers with whom it had lucrative payoff agreements.",Business,Business,True
2861,"Sometimes, Vaccines Can Be Good for Business. Some have explained the flu vaccine shortage by saying that the vaccines business holds little allure, but vaccines, it turns out, can make for good business.",Business,Business,True
2862,"Morgan Stanley cracks in 3Q. Investment bank misses estimates as trading income plunges, other units fail to pick up the slack. By Rob Cox, Breakingviews. LONDON (Breakingviews) - Morgan Stanley is the first to slip.",Business,Business,True
2864,"Consumer Sentiment Fades in October.  NEW YORK (Reuters) - U.S. consumer sentiment deteriorated  in October as rising energy costs and persistent job worries  made Americans less optimistic about the future, according to a  survey released on Friday.",Business,Business,True
2866,"Local Chain Rolling Out D.C. Tabloid. Journal Newspapers Inc. plans to begin distributing a free daily newspaper in the District on Feb. 1, according to one of its major advertisers and a source close to the company.",Business,Business,True
2874,"Nephew Suggests Arafat's Death Unnatural (AP). AP - Yasser Arafat's nephew said Saturday his uncle may have died an ""unnatural"" death, a statement certain to renew speculation among Palestinians and in the rest of the Arab world where many already believe the late leader was poisoned despite Israel's repeated and vehement denials.",World,World,True
2875,"Tiger Woods Marries Swedish Ex-Nanny.  LONDON (Reuters) - Former world No. 1 Tiger Woods has  married Swedish model Elin Nordegren at the luxury Sandy Lane  resort in Barbados, The Daily Nation newspaper reported on  Wednesday.",Sports,Sports,True
2879,"Iraq seeks tighter borders. SHARM EL SHEIKH, Egypt -- Iraqi officials rejected Arab criticism of US actions in their country, as an international conference on Iraq #39;s future opened Monday.",World,World,True
2887,"NASA Says Repairs Have Lessened Worries About Shortages. As a new crew prepares to lift off tomorrow for the international space station, NASA officials say they are less worried than they were two weeks ago about problems with its oxygen generator and growing shortages of food and spare parts.",SciTech,SciTech,True
2888,"Firefox Browser, a Microsoft Rival, Fully Released. The free Firefox Web browser, which has chipped away at the market dominance of Microsoft Corp. #39;s (MSFT.O: Quote, Profile, Research) Internet Explorer, has been readied for a full release including new features designed to make it more",SciTech,SciTech,True
2896,EasyJet faces tough year ahead. An increase in passengers has propped up annual earnings for easyJet but the low-cost airline has warned it faces a tough two years as cut-throat competition drives down fares and fuel prices soar.,Business,Business,True
2901,BBC reporters' log. BBC correspondents record events in the Middle East and their thoughts as the funeral of the Palestinian leader Yasser Arafat takes place.,World,World,True
2909,Oil prices still under pressure. Oil prices extended recent losses Wednesday in anticipation of that another increase in crude supplies will be accompanied by a rise in heating fuel inventories.,Business,Business,True
2910,"Juventus guilty of drug abuse. ITALIAN football faced one of the biggest scandals in its scarred history yesterday, after a Turin judge found the Juventus doctor, Riccardo Agricola, guilty of administering banned drugs to some of the worlds leading players during the 1990s.",Sports,Sports,True
2935,"New Orleans' Gleason No Saint; Fined by NFL.  NEW ORLEANS (Sports Network) - New Orleans' Steve Gleason  was fined  $5,000 by the NFL on Wednesday for punching the  Panthers' Kemp Rasmussen during last Sunday's 32-21 loss to  Carolina.",Sports,Sports,True
2938,"Tokyo Stocks Extend Losses.  TOKYO (Reuters) - Tokyo's Nikkei fell 0.67 percent by  mid-morning on Monday, extending losses into a seventh session  as worries about higher oil prices hit airlines while banks and  retailers wilted on concerns about the domestic economic  outlook.",Business,Business,True
2943,Automaker Invests US $210 in Mexican Plant. German-American auto maker DaimlerChrysler AG said Thursday it will invest US $210 million (euro168 million) to update an assembly plant in the northern Mexican state of Coahuila.,Business,Business,True
2947,Diamondbacks clinch Glaus signing. The Arizona Diamondbacks have signed former Anaheim Angel third-baseman Troy Glaus on a four-year deal. The 28-year-old free agent hit 18 home runs last season despite missing over three months through injury.,Sports,Sports,True
2954,"When it comes to the playoffs, the more the merrier is my &lt;b&gt;...&lt;/b&gt;. Of all the changes in sports, the one that fundamentalists have the hardest time accepting is the addition of the wild card in baseball.",Sports,Sports,True
2956,"Colgate-Palmolive to cut 4440 jobs. Colgate-Palmolive is to cut about 4,440 jobs -12 per cent of the workforce - and close roughly one-third of its factories amid fierce competition from Procter  amp; Gamble.",Business,Business,True
2957,"Rentokil rules out break-up. Rentokil Initial, supplier of services ranging from security guards and pest control to conferences and exotic plants, has ruled out breaking itself up, despite tumbling profits and a swirl of takeover speculation.",Business,Business,True
2972,"Kidnappers Release Seven Hostages in Iraq. BAGHDAD, Iraq - Kidnappers released two female Italian aid workers and five other hostages Tuesday, raising hopes for at least 18 foreigners still in captivity. But insurgents showed no sign of easing their blood-soaked campaign against the U.S...",World,World,True
2973,"Swedes Gather in Memory of Anna Lindh. The terrorist events in the US werent the only unhappy birthdays to be remembered on Sept. 11. A year ago, Swedish Foreign Minister Anna Lindh was stabbed to death in a department store as horrified shoppers watched.",World,World,True
2982,"Australia Faces Weather Blitz from Warming-CSIRO (Reuters). Reuters - Australia could expect more frequent droughts, heatwaves, rainstorms and strong winds because of greenhouse gas-induced climate change, the country's main science research body warned on Monday.",SciTech,SciTech,True
2984,"Security Council, On Central African Peace Mission, Visits DR of &lt;b&gt;...&lt;/b&gt;. The United Nations Security Council, fresh from a rare session in Kenya to speed up efforts to resolve civil wars in Sudan, today visited the Democratic Republic of the Congo (DRC), another conflict-riven country where the world body is seeking to bring",World,World,True
2999,"Goodman warms up to pitch city to owners. While this weekend #39;s Major League Baseball meetings in Anaheim, Calif., will probably be dominated by talk of steroids and big player moves, Las Vegas #39; mayor hopes to grab some attention Saturday",Sports,Sports,True
3010,"Microsoft Bends On NT Support. Faced with continued customer foot-dragging on license renewals and deployment, Microsoft said Friday has decided to offer  quot;custom quot; Windows NT 4.0 support contracts to enterprises that still haven #39;t migrated to later versions of the network operating",SciTech,SciTech,True
3014,Oil Prices Slip Below  #36;46; Risks Abound (Reuters). Reuters - Oil prices fell  #36;1 below record highs on Tuesday as fears over supply disruptions in Venezuela eased after President Hugo Chavez won a vote on his rule.,Business,Business,True
3020,"Ferrari picks TCS for Formula One IT needs. Tata Consultancy Services Ltd will provide IT and engineering services to Scuderia Ferrari for development of formula one (F1) racing car for the racing season beginning next March, making it the first Indian company to enter the F1 stadium in the global",Sports,Business,True
3024,"PacifiCare to Buy American Medical.  NEW YORK (Reuters) - PacifiCare Health Systems Inc. , one  of the biggest Medicare plan providers, said on Wednesday it  has agreed to buy health-care benefits provider American  Medical Security Group Inc. for  $502 million to expand its  product offerings to individuals and small businesses.",Business,Business,True
3027,"Aetna Earnings Rise as Membership Rises.  CHICAGO  (Reuters) - Health insurer Aetna Inc. &lt;A HREF=""http://www.investor.reuters.com/FullQuote.aspx?ticker=AET.N target=/stocks/quickinfo/fullquote""&gt;AET.N&lt;/A&gt; on  Thursday posted a sharp rise in third-quarter profit as it  boosted membership and benefited from a big tax refund from  discontinued operations.",Business,Business,True
3034,British hostage pleads for his life as US officials rule out &lt;b&gt;...&lt;/b&gt;. A British hostage appeared on a video posted on an Islamic Web site Wednesday weeping and pleading for his life as Iraq #39;s leader and US,World,World,True
3040,Technology Challenges Sprint-Nextel Merger. The proposed merger of Sprint Corp. and Nextel Communications Inc. could face a rocky start as the companies work to run and eventually merge two wireless technologies without breaking the bank or losing customers.,SciTech,Business,True
3042,"Bosnia refugee returns reach one million - UN. One million Bosnians, about 45 percent of those who fled during the 1992-5 war, have returned to their homes, the UN refugee agency said on Tuesday.",World,World,True
3043,"Brands fight for Games dollars. While Chinese athletics were striving for gold at the Athens Olympics, Chinese companies and international firms are competing for the business chances offered by the Games.",Sports,Sports,True
3046,"Coaching likely in Staley #39;s Olympic future. With a gold medal dangling from her neck, Dawn Staley said Saturday that she won #39;t play basketball in the Olympics again. She sure would like to coach in one, though.",Sports,Sports,True
3048,Disappointing Earnings Send Stocks Lower. Disappointing earnings from Morgan Stanley and a new spike in oil prices sent stocks lower in early trading Wednesday as investors #39; worries over third-quarter earnings increased.,Business,Business,True
3054,Zale Reports Wider Third-Quarter Loss (AP). AP - Jewelry retailer Zale Corp. said its loss widened to  #36;10.9 million in its third quarter despite a slight rise in revenue.,Business,Business,True
3055,"Long-Short Funds Have Uneven Record (Investor's Business Daily). Investor's Business Daily - At a time when rapid growth in hedge funds might suggest that their mutual fund counterparts -- long-short funds -- would also prove popular, few investors seem to have much appetite for mutual funds they can sell short.",Business,Business,True
3059,"There are pledges and then there are real pledges. Like introductory credit card rates and superior customer service, some promises just aren #39;t built to last. And so it is that Bank of America - mere months after its pledge to preserve",SciTech,Business,True
3063,"Woe are the Red Sox? maybe next week. And, so, pending World Series gaffes, please, what we know about the Boston Red Sox is that they are not, after all, immune to the Heimlich maneuver.",Sports,Sports,True
3076,"Update 8: Yukos Removes Anti-Crisis Plan From Agenda. Shareholders of the foundering Russian oil giant Yukos will not vote on an anti-crisis plan at a Dec. 20 meeting, the company said in a statement Friday, saying the plan would be impossible to implement in",Business,Business,True
3078,"Twins #39; formula is No. 1. CHICAGO -- Nothing fazes the Minnesota Twins. Threatened with contraction three years ago, they ran away with the AL Central title.",Sports,Sports,True
3093,"Mac-based supercomputer drops to 7th place on Top500 (MacCentral). MacCentral - With performance almost double that of the Earth Simulator, in Yokohama, Japan, IBM Corp.'s Blue Gene/L on Monday was officially ranked first on the Top500 list of the world's fastest supercomputers. IBM built four of the top ten machines on the biannual list, which was set to be announced Monday evening at the SC2004 conference in Pittsburgh. Virginia Polytechnic Institute and State University reappeared on the list, finishing in seventh position five months after dropping off the June list because of a hardware upgrade to Apple Computer Inc.'s Xserve systems. ...",SciTech,SciTech,True
3106,"Merck Cuts More Jobs as Earnings Decline. Merck  amp; Co. Inc. (MRK.N: Quote, Profile, Research) , whose earnings are being hurt by the withdrawal of its arthritis drug Vioxx, said on Tuesday it has increased the number of jobs to be cut by year-end to 5,100 from 4,400.",Business,Business,True
3110,Philippines issues new warning against job-seekers heading for Iraq (AFP). AFP - Philippine President Gloria Arroyo's government has issued a fresh warning to Filipino job-seekers trying to fly to Iraq despite a government ban.,World,World,True
3111,Russia's Putin set for landmark visit to Turkey (AFP). AFP - Russian President Vladimir Putin arrives here this week for a landmark visit which Ankara hopes will help improve political ties in line with spectacular progress in economic relations between the two countries.,World,World,True
3118,"Amazon Profit Misses Estimates. Amazon.com Inc (AMZN.O: Quote, Profile, Research) on Thursday posted a higher quarterly profit but its stock fell more than 4 percent as the online retailer #39;s results failed to top Wall Street expectations.",Business,Business,True
3121,"SunTrust Restates First-Half Results.  NEW YORK (Reuters) - SunTrust Banks Inc. &lt;A HREF=""http://www.investor.reuters.com/FullQuote.aspx?ticker=STI.N target=/stocks/quickinfo/fullquote""&gt;STI.N&lt;/A&gt;, which  fired three executives over its accounting for bad loans, on  Friday restated first-half profit higher by  $25.1 million, more  than it had forecast, to fix the mistakes.",Business,Business,True
3123,BOLD MOVE FROM UNITED. It was a bold move by David Gill and chairman Sir Roy Gardner to be so openly critical of a man who had proved how much power his stake in the club gives him.,Sports,Sports,True
3125,Tibetan culture falters under Chinese influx. ZHANG JUN says his two-storey frosted glass and chrome beauty salon near the Tibetan capitals imposing Potala Palace is the biggest in town.,World,World,True
3127,UPDATE 2-India make impressive reply in first test. India openers Virender Sehwag and Gautam Gambhir shared an unbeaten first wicket partnership of 185 on the third day of the first test on Monday.,Sports,Sports,True
3130,"Q A: Microsoft's Linux strategist Martin Taylor. With a year under his belt as Microsoft Corp.'s chief Linux strategist, Martin Taylor has a lot to say about where he sees Linux going and how Microsoft plans to compete with the open-source operating system.",SciTech,SciTech,True
3137,"Nalbandian, Massu in CA Trophy quarterfinals. Top-seeded David Nalbandian of Argentina and Olympic champion Nicolas Massu of Chile advanced to the quarterfinals of the CA Trophy Thursday with straight-set victories while American Robby Ginepri upset No.",Sports,Sports,True
3140,"How many planets are there, Indian president asks South African students (AFP). AFP - South African students at a high school in a township outside Durban were treated to a special science lesson delivered by Indian President Abdul Kalam.",World,World,True
3142,"The sounds of a revolution. You can strap it around your arms or wind it around your neck while on your morning jog. And while you jog, you can listen to songs, download and store your personal CD albums directly, listen to FM radio",SciTech,SciTech,True
3149,"Oracle Moves Earnings Forward to Monday.  SAN FRANCISCO (Reuters) - Business software maker Oracle  Corp. &lt;A HREF=""http://www.investor.reuters.com/FullQuote.aspx?ticker=ORCL.O target=/stocks/quickinfo/fullquote""&gt;ORCL.O&lt;/A&gt; on Friday said it will release its  second-quarter earnings before U.S. markets open on Monday,  instead of Thursday, due to issues related to its takeover bid  for PeopleSoft Inc. that may come up in court later on Monday.",Business,Business,True
3151,"Raikkonen looks to add consistency. Kimi Raikkonen completed the formalities with his now customary Friday flourish. Just as he did in Hungary, Raikkonen ended the first day of practice at the top of the",Sports,Sports,True
3155,"Oil  Drops, Markets Climb. The Dow Jones industrials shot up more than 160 points Wednesday, enjoying one of its best days of the year as crude prices plummeted on a weekly government report on oil inventories.",Business,Business,True
3159,"Solar Eclipse to Start Thursday, End Wednesday!. A partial solar eclipse will take place next week, oddly ending the day before it begins. The eclipse will be visible, weather permitting, from northeastern portions of Asia, including all of Japan, northeastern Mongolia and China, and much of Siberia.",SciTech,SciTech,True
3161,Bradley's Appeal Rejected. The Ohio Supreme Court rejects former Indians outfielder Milton Bradley's appeal of a three-day jail sentence he received after driving away from police who were trying to give him a speeding ticket.,World,Sports,True
3183,"Japan Schools Tracking Students by Radio (AP). AP - Cutting class just got harder but schools are safer thanks to computer chips that help track students, Japanese officials say.",SciTech,SciTech,True
3185,"GLOBAL MARKETS-Exporters Gain.  SINGAPORE (Reuters) - Exporters such as Honda Motor Co. led  gains in Japanese shares Monday as a rebound in the U.S. dollar  eased concerns over corporate profits, but stocks elsewhere in  Asia slipped on rising oil prices.",Business,Business,True
3192,Credit union beefs up database security. IPLocks will help Western Corporate Federal Credit Union meet government security requirements.,Business,SciTech,True
3195,Saudis Set Up Checkpoints Ahead of Protest (AP). AP - Police set up checkpoints and checked identity cards Thursday along streets leading to the area in the Saudi capital where anti-monarchists were expected to try to hold an illegal demonstration called by an exiled dissident.,World,World,True
3197,"Astronaut Gordon  #39;Gordo #39; Cooper, 1927-2004. Grant writes  quot;Leroy Gordon  #39;Gordo #39; Cooper, one of America #39;s first seven astronauts, died today in his home at the age of 77.",SciTech,SciTech,True
3201,"Canadian drug vendor wins deals with 2 states. The Canadian pharmacy manager that arranges prescription shipments to Springfield's city employees landed a chunk of new business yesterday, emerging as the sole supplier for a new prescription importation website unveiled by Illinois and Wisconsin.",SciTech,Business,True
3203,"Parliament Speaker to Succeed Arafat (AP). AP - The Palestinian parliament speaker will become temporary president of the Palestinian Authority in the event of Yasser Arafat's death, PLO leaders decided Wednesday.",World,World,True
3206,"British Gas bills to rise. The energy provider said household gas bills would rise by 12.4 per cent and electricity by 9.4 per cent from September 20. The company blamed the increases on the record price of wholesale gas, which also impacts on the cost of producing electricity.",Business,Business,True
3209,New German Mobile Phone to Detect Bad Breath (Reuters). Reuters - A German telecommunications company said on Tuesday it is developing the first mobile phone that will alert users when their breath is bad or if they are giving off offensive smells.,SciTech,SciTech,True
3212,"Allawi accused of rushing trials for Saddam #39;s aides. War crimes trials against senior lieutenants of Saddam Hussein will start in Baghdad next week, the interim Iraqi Prime Minister Iyad Allawi said yesterday.",World,World,True
3218,"TiVo, Cable or Satellite? Choose That Smart TV Wisely. Though technophiles are the ones who usually like to brag about their electronic toys, recently, even tech novices have started crowing about their digital video recorders.",SciTech,Business,True
3222,"Justice to Announce Cyber-Crime Crackdown. The Justice Department is set to announce a major crackdown on cyber-crime that will include arrests, subpoenas and property seizures of alleged e-mail spammers and online scam artists, according to law enforcement and industry sources. &lt;BR&gt;&lt;FONT face=""verdana,MS Sans Serif,arial,helvetica"" size=""-2""  color=""#666666""&gt;&lt;B&gt;-The Washington Post&lt;/B&gt;&lt;/FONT&gt;",SciTech,SciTech,True
3223,"Freescale announces dual-core PowerPC processor. SHANGHAI - While much has been made of efforts by Advanced Micro Devices Inc. and Intel Corp. to bring dual-core processors to PCs and servers, Freescale Semiconductor Inc. announced Tuesday at a conference in Frankfurt, Germany, details of a dual-core PowerPC processor designed for embedded applications, such as networking and storage.",SciTech,SciTech,True
3225,"Nestor and Knowles win the big one: a doubles title at US Open. (CP) - Daniel Nestor and Mark Knowles shook off their past record in Grand Slam finals Friday, winning the men #39;s doubles title at the US Open in style.",Sports,Sports,True
3230,"Curse of the Bambino? Boston doesn #39;t know from jinxes. Curse of the Bambino? Please. As jinxed ballclubs go, your Red Sox can #39;t even crack the top two. OK, so your heroes haven #39;t won the World Series since Harry Frazee sold Babe Ruth to the Yankees.",Sports,Sports,True
3231,Cardinal hears farewell in John Paul #39;s remarks. BRUSSELS One of 15 cardinals with Pope John Paul II during a weekend visit to a French shrine was quoted in Belgian news media on Monday as saying the ailing pontiff may have been making his farewells.,World,World,True
3232,"Celtics learn a lot in loss to Pistons. The Pistons returned to the scene of their most recent triumph last night, taking the floor at The Palace of Auburn Hills for the first time since capturing the 2003-04 NBA championship.",Sports,Sports,True
3236,"Ex-U.S. Cyber Security Chief Sees Curb on Phishing.  SAN FRANCISCO (Reuters) - A former White House Web security  chief predicted on Wednesday that technology companies and law  enforcers could soon stamp out most Internet ""phishing"" scams  that aim to trick people into giving away personal and  financial information.",SciTech,SciTech,True
3239,Dolphins sign Matt Bryant. MIAMI (Ticker) - The winless Miami Dolphins signed kicker Matt Bryant on Wednesday and announced sidelined running back Lamar Gordon had successful surgery on his shoulder.,Sports,Sports,True
3246,"Texas A amp;M Aggies. COLLEGE STATION, Texas (Ticker) -- In the end, the Texas A amp;M defense was able to withstand the top-ranked passing attack of Texas Tech.",Sports,Sports,True
3249,"Arafat #39;s immediate successor a moderate. Rauhi Fattouh, the man chosen as Yasser Arafat #39;s immediate successor as Palestinian Authority president, is a 55-year-old moderate who only became parliament speaker six months ago.",World,World,True
3251,Microsoft issues patches for seven software flaws. SEATTLE - Microsoft has warned of seven newly found flaws in its software that could allow an attacker to steal data and take over a personal computer running the Windows operating system.,SciTech,SciTech,True
3252,"Jeanne claims 250 lives in Haiti. AT least 250 people died in massive floods across northern Haiti after Tropical Storm Jeanne hit the crushingly poor Caribbean nation over the weekend, a UN spokesman said today.",World,World,True
3255,"Cisco expands router offerings with BCN buy. Cisco Systems today confirmed that it has signed a definitive agreement to acquire privately held BCN Systems, a Californian networking software design firm.",SciTech,SciTech,True
3257,Patriots not getting ahead of themselves. Its become a familiar mantra: One game at a time. One week at a time. One game at a time . . . Todays 1 pm game against the Seattle Seahawks at Gillette,Sports,Sports,True
3258,Winamp vulnerable to camouflaged-skin attacks. Users of the music player should watch out for hacked themes; a flaw allows would-be intruders to take control of PCs.,SciTech,SciTech,True
3263,"Clippers Climb in West. Elton Brand scores 25 points to lift the Clippers over the Warriors, 103-91, and can finish November with a winning record for just the second time in 30 years.",Sports,Sports,True
3265,"First black judge joining British High Court. Britain appointed its first black High Court judge yesterday and she predicted she would be ''the first of many. quot; The Department for Constitutional Affairs confirmed the appointment of Linda Dobbs, 53, the first black lawyer promoted beyond the ranks of circuit judges, who hear lesser cases. Joining the High Court will give her access to some of the country's most ...",World,World,True
3268,"Zhang Readies Another Martial-Arts Saga. TORONTO - A few years back, Zhang Yimou was a bit miffed that fellow filmmaker Ang Lee was faster on the draw in elevating the martial-arts epic to serious cinema. But now that Lee's ""Crouching Tiger, Hidden Dragon"" has broken the genre into the mainstream among Western audiences, Zhang is happy to follow his lead...",Sports,World,True
3277,Property Fund Says to Hold YUKOS Auction (Reuters). Reuters - Russia's Federal Property Fund said on Friday it intended to go ahead with an auction of oil major YUKOS' main unit Yuganskneftegaz despite a U.S. court decision to freeze the state-imposed sale.,Business,Business,True
3279,"Gunners run out of ammunition. Manchester United showed why it has been the dominant club in the Premier League era, ending Arsenal #39;s 49-match unbeaten streak and closing within eight points of the league leader.",Sports,Sports,True
3288,"Google woos Froogle UK shoppers. Search giant Google has launched a beta of the UK version of its shopping search technology, Froogle. The site looks like its Google parent in design with the addition of links to recent popular product searches on the home page.",SciTech,SciTech,True
3295,"Gloom for EU growth targets. Former Dutch prime minister Wim Kok has delivered a damning report on Europe #39;s growth and competitiveness, warning that it will be  quot;extremely difficult quot; for the EU to meet its 2010 targets.",Business,World,True
3304,"Lilly Sees Profit Lifted by Newer Drugs.  NEW YORK (Reuters) - Eli Lilly and Co. &lt;A HREF=""http://www.investor.reuters.com/FullQuote.aspx?ticker=LLY.N target=/stocks/quickinfo/fullquote""&gt;LLY.N&lt;/A&gt; on Thursday  said it expects earnings in 2005 to rise to between  $3.05 and   $3.15 per share before special items as growing sales of newer  medicines more than offset disappointing sales of its  top-selling schizophrenia drug.",Business,Business,True
3310,"#39;I #39;ve never been so scared #39;. IT TOOK until the third of their four goals against Newcastle United last Saturday before the home supporters launched into their ironic chants of  quot;Boring, boring Chelsea quot;.",Sports,Sports,True
3312,"Oil Slips But Holds Over  #36;53 (Reuters). Reuters - U.S. oil prices fell for a second session on Tuesday on worries that high energy costs may crimp economic growth, but crude remained firmly planted above  #36;50 a barrel on persistent fears of a winter supply crunch.",Business,Business,True
3315,Coca Cola launches bid for SPC. Coca-Cola Amatil is offering cash or shares in a scheme of arrangement that values the ordinary equity of SPC Ardmona at just over  $480 million.,Business,Business,True
3318,Briefly: Cisco reports access control server flaws. roundup Plus: Toshiba tinkers with Wi-Fi for TV...Music promoter offers concert downloads...WS-I tackles Web services attachments.,SciTech,SciTech,True
3327,"British hostage killed in Iraq: TV. The British hostage held in Iraq by a militant group led by al-Qaida ally Abu Musab al-Zarqawi was killed Friday, pan-Arab Abu Dhabi TV reported.",World,World,True
3329,"Three survive 11 days under collapsed building. Two adults and a three-year-old girl have been pulled out alive after 11 days buried under a collapsed two-storey building in the Philippines #39; storm-hit town of Real, the local military commander said.",World,World,True
3331,"Malloy #39;s Remarks on Firing at Notre Dame Gaining Applause. As Notre Dame continued to search for a football coach yesterday, the former agent for the fired coach Tyrone Willingham applauded the criticism of the firing by the university #39;s president, the Rev.",Sports,Sports,True
3334,"Brown may miss target, PwC says. Gordon Brown may miss his golden rule on public borrowing because of a shortfall in corporate tax revenues, a new study says.",Business,Business,True
3338,"National union leaders set a timeline for change. November 11, 2004. WASHINGTON -aced with the impact of labor #39;s political loss on Nov. 2, the AFL-CIO Executive Council decided on Nov. 10 on a timeline for changes in the union movement",Business,Business,True
3341,BBC wants help developing open source video codec. &lt;strong&gt;LinuxWorld&lt;/strong&gt; Dirac attack,SciTech,SciTech,True
3343,"Hubble Captures Cat #39;s Eye Nebula. Sept. 9, 2004 - Like an onion cut in half, the concentric shells surrounding the Cat #39;s Eye Nebula are visible in the newest image from the Hubble Space Telescope.",SciTech,SciTech,True
3368,"Royals Recall Gobble, Place Sullivan on DL (AP). AP - The Kansas City Royals recalled left-hander Jimmy Gobble Sunday from Triple-A Omaha on Sunday, and placed right-hander Scott Sullivan on the 15-day disabled list with a back strain.",Sports,Sports,True
3372,EU Recommits Itself to U.S. Relationship (AP). AP - The European Union and the United States recommitted themselves to a smooth trans-Atlantic relationship Friday and hoped the second term of President Bush would no longer be marred by nasty political and trade disputes.,World,World,True
3373,One terabyte optical disk developed. BOFFINS AND boffinettes at Imperial College London are developing a new optical disk that can store a terabyte of data. The Multiplexed Optical Data Storage (Mods)technology is expected to be released towards,SciTech,SciTech,True
3374,"One nation finals are a big yawn. If there were such a thing as a third-place play-off in Grand Slam tennis, you can rest assured that the American television networks would have opted to screen it yesterday evening",Sports,Sports,True
3380,"Internet caf hoists a latte to celebrate 10-year anniversary. LONDON John Major was prime minister of Britain. The Internet, to most people, was like something out of the Jetsons.  quot;Latte quot; was Italian for  quot;milk, quot; not American for  quot;coffee.",World,SciTech,True
3382,"S amp;P-500 Reaches Post-9/11 High Point. Stock market investors celebrated another drop in oil prices on Thursday, driving the broad Standard  amp; Poor #39;s 500-stock index to its highest point since the Sept.",Business,Business,True
3388,"SAP, Infineon unveil RFID management system. The new platform is designed to help companies speed the deployment of smart-tag systems and cut the costs of managing both hardware and software components from several suppliers.",SciTech,SciTech,True
3391,"Nikkei Down at Midday on Oil Worries.  TOKYO (Reuters) - Tokyo's Nikkei fell 1.66 percent by  midday on Monday, extending losses into a third day as growing  fears about the impact of surging oil prices on the global  economy hit exporters such as Toyota Motor Corp.",Business,Business,True
3392,"Rescuers Free Beached Whale in Brazil (AP). AP - Rescuers succeeded in freeing a minke whale that washed up on a beach in southeastern Brazil, the fire department said Thursday.",World,SciTech,True
3404,"Iraqi president appeals for aid. FAZ Weekly. Iraqi President Ghazi Yawer made all of the important political stops in Berlin on Thursday, seeing the German president, the development minister and finally the chancellor.",World,World,True
3408,"UPDATE 1-Pathmark loss widens, hires investment bank. Pathmark Stores Inc. (PTMK.O: Quote, Profile, Research) , the Northeast grocery chain beset by falling sales and increased competition, on Thursday reported a wider quarterly loss",Business,Business,True
3413,"Vietnam prepares for arrival of first US passenger jet since war. Vietnam is preparing for the arrival of the first passenger jet from the United States since the end of the war in 1975. The United Airlines flight from San Francisco, via Hong Kong, is scheduled to land in",World,Business,True
3417,Toshiba create dual layered DVD/HD DVD disc. Toshiba has announced a dual layered disc that will playback both HD-DVD and DVD formats strengthing its offering in the battle of the next generation DVD formats.,SciTech,SciTech,True
3437,"Disney Chief to Leave, Setting Off Race for Job. Michael D. Eisner, who has spent much of the last year fending off challenges to his two-decade reign at the Walt Disney Company, has announced",Business,Business,True
3438,"Records Contradict Kerry Critic's Charges -Report (Reuters). Reuters - Military records contradict a critic's charge that U.S. Democratic presidential hopeful John Kerry did not come under fire during the battle that resulted in military honors for Kerry, The Washington Post reported on Thursday.",World,World,True
3446,"Marbury and Late Timeout Are Upsetting to Spaniards. The Americans' passion and ruggedness came out of nowhere, just as Stephon Marbury's 31 points did in a 102-94 quarterfinal victory over Spain.",Sports,Sports,True
3448,"U.S. Oil Clings Near  $47.  SINGAPORE (Reuters) - U.S. oil prices hovered near  $47 a  barrel on Wednesday, awaiting data that was expected to show a  big drop in fuel stocks in the United States due to  weather-related disruptions to output and shipments.",Business,Business,True
3450,"* Hopes rise for end to bloody conflict. Grand Ayatollah Ali al-Sistani, the most senior Shia cleric in Iraq, unexpectedly returned to his homeland yesterday after nearly three weeks overseas during which anarchy has rapidly taken hold.",World,World,True
3453,Indians fill rail skills shortage. Network Rail flies in specialist Indian engineers to work on the West Coast Mainline because of a UK skills shortage.,World,Business,True
3466,"Stocks Slump on Higher Oil, Fannie Mae.  NEW YORK (Reuters) - Stocks fell sharply  on Wednesday  after oil prices jumped more than a dollar and a U.S.  government review questioned home finance company Fannie Mae's  &lt;A HREF=""http://www.investor.reuters.com/FullQuote.aspx?ticker=FNM.N target=/stocks/quickinfo/fullquote""&gt;FNM.N&lt;/A&gt; accounting methods.",Business,Business,True
3471,Players: Season in Peril. Veterans Chis Pronger and Jim McKenzie don't believe that hockey will return until Dec. 2005 at the earliest after talks negotiations broke down on Tuesday.,Sports,Sports,True
3474,Blind Students to Launch NASA Rocket (AP). AP - A dozen blind students from across the United States are at a summer camp this week working on a project most don't associate with the visually impaired  #151; launching a NASA rocket.,SciTech,SciTech,True
3493,"Wall Street Faces 2 Elections, Not Just 1 (Reuters). Reuters - The waiting game for the U.S. presidential election ends two weeks from Tuesday -- but then investors can turn over the timer and start again.",Business,Business,True
3495,Asian telecom firms come together. Seven Asian telecommunications firms are coming together to invest between  $30m and  $40m (16.3m and 22m) in new mobile phone services and technology.,SciTech,Business,True
3498,"Garrison extended; King retires as Fed Cup coach. White Plains, NY (Sports Network) - Zina Garrison was given a one-year contract extension to remain captain of the American Fed Cup team, while the legendary Billie Jean King retired as a coach for the squad.",Sports,Sports,True
3500,Feliz #39;s slam propels Giants. San Francisco climbs within 1 1/2 games of the Dodgers in the West and half a game back in the wild-card race. San Francisco - Pedro Feliz and the San Francisco Giants showed they can win even the biggest games without Barry Bonds #39; bat.,Sports,Sports,True
3506,"Sun Desktop Rises in Japan Again. Sun Microsystems (Quote, Chart) has eked out its second major contract in Japan for its Java Desktop System (JDS), the company said Wednesday.",SciTech,SciTech,True
3508,3 killed in Fallujah attack. United States forces attacked a house in Fallujah leaving three people dead early on Thursday. The target was a suspected safe house for Jordanian-born militant Abu Musab al-Zarqawi.,World,World,True
3512,"Iraqi cleric urges march to Najaf. Iraq #39;s most respected Shia cleric, Grand Ayatollah Ali al-Sistani, made a dramatic return to the country Wednesday and urged all Iraqi Muslims to join him on a march to the",World,World,True
3521,Lawyers predict Quattrone could get tough penalty in his sentencing today. Former high-flying investment banker Frank P. Quattrone is about to find out just how unlucky he is.,Sports,Business,True
3522,Georgia #39;s Ware raring to run. Just in time for No. 3 Georgia #39;s biggest game of the season thus far comes the return of one of the Bulldogs #39; biggest offensive weapons.,Sports,Sports,True
3527,"Microsoft Won #39;t Give SP2 Security Fixes to Older Browsers.  quot;The most secure version of Windows today is Windows XP with SP2, quot; Microsoft explained in a statement it issued.  quot;We recommend that customers upgrade to XP and SP2 as quickly as possible.",SciTech,SciTech,True
3528,Diebold cuts forecast. Diebold Inc. today reduced its third-quarter and full-year earnings forecasts as it absorbs costs for recertifying its electronic voting machines in California and for expenses related to a pending civil action in that state.,Business,SciTech,True
3551,"Powell rebukes Annan on Iraq. Secretary of State Colin L. Powell yesterday expressed strong disapproval of UN Secretary-General Kofi Annan #39;s description of the US-led war in Iraq as illegal, saying the comment was  quot;not a very useful statement to make at this point.",World,World,True
3553,Nigerian pipeline blast death toll rises to 60 (AFP). AFP - The death toll from an explosion at a fuel pipeline on the outskirts of the Nigerian city of Lagos has risen to around 60 as more bodies were recovered from the scene.,World,World,True
3555,"Without the wicket it wouldn't be cricket. As the Red Sox ready for a shot at post-season play, a group of batters across town prepares for their own championship finale where they'll face an impressive lineup of -- bowlers.",Sports,Sports,True
3556,Captain Thomas Muster hopes for Austrian win. Austria hopes to capitalize on its home-court advantage and tough preparations to defeat Britain in this week #39;s Davis Cup World Group playoffs captain Thomas Muster said Wednesday.,Sports,Sports,True
3558,"2 children killed in Gaza explosion. Two Palestinian children were killed Friday in the explosion of an apparent roadside bomb near Khan Younis in Gaza, reports said. But Palestinian sources said the children, an 8",World,World,True
3566,Rescue teams waiting to enter Fallujah. Medical teams and convoys from the Iraqi Red Crescent are expected to enter the embattled city of Fallujah Saturday carrying urgent humanitarian assistance.,World,World,True
3576,"IBM unveils new Shark and midrange array. OCTOBER 13, 2004 (COMPUTERWORLD) - NEW YORK -- IBM yesterday unveiled two new enterprise-class storage arrays, one aimed at the high end and one at midrange environments but both with compatible software that allows the boxes to be managed through a",SciTech,SciTech,True
3582,"When You Log On, Look Out. Oct. 26 - The warning for home computer users is: When you log on, look out. A new study from America Online and the National Cyber Security Alliance shows that two-thirds of home computers have no protective firewall and 80 are infected with spyware.",SciTech,SciTech,True
3583,"Fans Flock to See Shaq, but He Sits. Friday night #39;s game between the Magic and the Miami Heat drew an announced 20,454 to the St. Pete Times Forum. For an NBA exhibition game, that #39;s not bad.",Sports,Sports,True
3585,"Six convicted in Pitcairn sex trials. Six of seven Pitcairn men being tried on sexual assault charges on the south Pacific island were convicted by three judges, New Zealand TV reported Monday.",World,World,True
3595,Is Unix Coughing Up Ground?. The operating system that powers the lion #39;s share of servers is losing ground to Windows and Linux. Unix is losing so much ground that IT research firm IDC is predicting Windows will take over as the dominant server operating system by the year 2008.,SciTech,SciTech,True
3598,Cricket: SA rock England . England are reduced to 95-4 in reply to South Africa's 441 in the third Test in Cape Town.,Sports,World,True
3601,"Edgerrin James runs fro 124 yards, 2 TDs. Peyton Manning had plenty of help from the Colts. Steve McNair didn #39;t get the same treatment from his Titans in the first game between the NFL #39;s co-MVP quarterbacks.",Sports,Sports,True
3621,"Electronic Passports Might Not Measure Up (AP). AP - The United States hasn't issued any microchip-equipped passports yet, but as the Department of State tests different prototypes, the international standards for the passports are under fire from privacy advocates who worry the technology won't protect travelers from identity thieves.",SciTech,SciTech,True
3623,Record Number of Tornadoes Reported in '04 (AP). AP - The bad news: more tornadoes were reported in Kansas and the nation last year than at any time since records have been kept.,Sports,SciTech,True
3627,"Pakistani Man Arrested for Acid Attack (AP). AP - Police arrested a man for allegedly throwing acid in a Pakistani courtroom on Monday, injuring his brother-in-law and four other people with burns, an official said.",World,World,True
3634,"Perens hits out at Sun over OpenOffice. Open source developers who contribute to OpenOffice should stop donating their code to Sun Microsystems, open source advocate Bruce Perens has urged.",SciTech,SciTech,True
3642,"Football pays tribute to Hughes. Friends and former Liverpool players have paid tribute to Emlyn Hughes, who has died from a brain tumour aged 57. Former Reds captain and manager Graeme Souness told BBC Radio Five Live:  quot;He was an absolute legend.",Sports,Sports,True
3643,"Nearly 8 in 10 Greeks Own Mobile Phone -Survey.  ATHENS (Reuters) - With 76 percent of Greek households  owning mobile phones, interest for third-generation services is  rising, the country's statistics service (NSS) said on Monday  based on the findings of a recent survey.",SciTech,SciTech,True
3647,"Indonesia's Megawati Apologizes, Warns on Terror.  JAKARTA (Reuters) - President Megawati Sukarnoputri urged  Indonesians on Thursday to accept the results of the country's  first direct election of a leader, but stopped short of  conceding defeat.",World,World,True
3651,"No return to past in Russia, Putin promises.  quot;There will be no turnabout in the country #39;s life, quot; said Mr Putin, who has come under intense international criticism for strengthening his political control after a wave of terrorist attacks.",World,World,True
3652,Briefly: Linux clusters gear up for simulated combat. roundup Plus: Sprint to bake in BlackBerry for businesses...Microsoft ships updated Works...FaceTime pulls in  $16 million.,SciTech,SciTech,True
3657,"Kovalainen surprises at Race of Champions. In the off season, it is for most F1 and racing fans, a long time with no racing action. The Race of Champions gives the fans a little breath.",Sports,Sports,True
3658,Start-up Seven addicted to Java. The company teams up with Sun Microsystems to bring its e-mail application to Java-enabled cell phones.,SciTech,SciTech,True
3661,"Qantas points to upbeat outlook. Barring negative impacts on the aviation industry, such as global terrorism, Australia #39;s flagship carrier had an upbeat future, Qantas #39; chief executive Geoff Dixon said.",Business,Business,True
3664,"NBA ROUNDUP: Suns win ninth in row. Amare Stoudemire, Steve Nash and Quentin Richardson each scored 21 points, and the host Phoenix Suns -- off to their best start in 24 years -- won their ninth in a row with a 120-101 victory against the Cleveland Cavaliers on Wednesday night.",Sports,Sports,True
3666,"Will historic flight launch space tourism?. Regardless, space competitions are poised to become big business.",SciTech,SciTech,True
3669,"T-Mobile Tries Out Flarion Mobile-Broadband Data System. Mobile Carrier T-Mobile is testing Flarion Technologies #39; Flash-OFDM mobile broadband technology in The Hague, the Netherlands.",SciTech,SciTech,True
3672,"Waging 'inner jihad' on an empty stomach. In the final days of Ramadan, a Muslim reporter grapples with the double standard for female pilgrims.",World,World,True
3674,"RealNetworks Doesn #39;t Rock. NEW YORK - It #39;s never a smart move to pick a public fight with Apple Computer, and it #39;s doubly unwise if that fight involves the iPod in some way.",SciTech,SciTech,True
3683,Chile makes final ruling: Pinochet can stand trial. The former Chilean dictator Augusto Pinochet yesterday lost what could be the final round in his tortuous struggle to avoid prosecution for human rights abuses.,World,World,True
3685,"Report: Blair Recovering Well After Heart Operation.  LONDON (Reuters) - British Prime Minister Tony Blair has  had a successful operation for recurrent heart palpitations and  is ""doing well,"" Sky TV reported Friday.",World,World,True
3688,"US feeling the heat at climate conference. BUENOS AIRES -- Two sets of Americans have come here to talk global warming: the United States, opposed to controls on carbon emissions, and a bloc of united states, from Maine to Delaware, that plan to impose them.",SciTech,World,True
3694,"HK legislative poll points to the future. When the British ruled Hong Kong, as pro-Beijing politicians are fond of pointing out, the territory #39;s people had no direct influence over the way they were governed.",World,World,True
3700,"First US flight to Vietnam for 30 years. For the first time since the war ended nearly 30 years ago, a US passenger jet landed in Vietnam today. United Airlines Flight 869 took off from San Francisco yesterday and arrived in Ho Chi Minh City, formerly",World,Business,True
3703,"N. Korea's No. 2 Encourages Nuke Dialogue (AP). AP - North Korea's No. 2 leader said Monday that his country still wants to settle the dispute over its nuclear program through dialogue, as China tried to cajole the North back into stalled six-nation talks, calling for flexibility by all sides.",World,World,True
3709,"Penguin Tags Are a Drag -- Can Rubber Improve Them?. Hoping to monitor penguins unobtrusively, scientists are testing a tag made of silicone rubber. Stainless steel tags used currently can impede the birds' ability to hunt.",SciTech,SciTech,True
3712,"Top 20 Security Flaws Revealed. Although companies need to protect against the flaws, many of the related information security risks and costs could be removed if businesses forced vendors to test systems before rollout, according",SciTech,SciTech,True
3724,"DJ to acquire MarketWatch. Dow Jones  amp; Co., publisher of the Wall Street Journal, says it has agreed to buy online news site MarketWatch Inc. in a  $519 million deal that widens its Internet audience.",Business,Business,True
3725,"Jets (Eventually) Down Browns, 10-7. For more than three quarters on Sunday, it appeared as if the Jets wouldnt find the end zone if it was loaded with uranium and Quincy Carter was armed with a Geiger counter.",Sports,Sports,True
3728,Paul McCartney to Headline Super Bowl Show (AP). AP - Paul McCartney will headline the Super Bowl halftime show on Feb. 6 as the NFL goes mainstream after the controversy over last January's show.,Sports,Sports,True
3731,Taiwan accuses US of betrayal. Taiwan accused the United States of a breach of trust after US Secretary of State Colin Powell in Beijing voiced support for cross-straits reunification.,World,World,True
3732,"Nigeria reaches cease-fire with rebels. The Nigerian government has signed a cease-fire with three rebel groups that had been targeting foreign oil companies and their workers in the Niger Delta region, government officials said Friday.",World,World,True
3738,Eyeing the next wave in RISC computing. Some critics say RISC's time has passed. Sun Microsystems' David Yen has another idea.,SciTech,SciTech,True
3739,"Compuware asks court to sanction IBM. An emergency motion was filed Friday the 13th of August in US District Court of Eastern Michigan, Compuware said that IBM failed to provide essential evidence, which includes several pieces of disputed software source code, until after the case #39;s ...",SciTech,SciTech,True
3740,"IBM Chief Sees Global Tech Spending Rise. &lt;p&gt; &lt;/p&gt;&lt;p&gt; PARIS (Reuters) - Companies will spend more money next year on information technology and other capital investments compared with 2004, the chief executive of the world's biggest computer company, IBM Corp, said on Friday.&lt;/p&gt;",Business,SciTech,True
3742,Iran has nuclear talks in Europe. Iranian and European officials meet in Paris in a bid to finalise a compromise on Iran's nuclear programme.,World,World,True
3743,"Vonage talks of 911 advancements. In Rhode Island, will there be an answer to a major problem for the Internet phone industry?",SciTech,SciTech,True
3745,"'We want regime change', Zimbabwe opposition leader tells Britain (AFP). AFP - Zimbabwe's main opposition leader took his campaign against President Robert Mugabe to Britain, rallying expatriates and declaring their destitute southern African country ready for ""regime change"".",World,World,True
3758,"Researchers Grow Sperm Nursery Cells from Mice (Reuters). Reuters - U.S. researchers said on Thursday they had found sperm nursery cells in mice, grown them in lab dishes and used them to father baby mice.",SciTech,SciTech,True
3764,"Amazon's 'morning nightmare' lasts 11 days, and counting. Peak-time woes bedevil merchants, customers",SciTech,SciTech,True
3775,"Egyptian police block solidarity group accompanying aid to Palestinians (AFP). AFP - Members of an international solidarity group trying accompanying humanitarian assistance to the Gaza Strip abandoned their trip after a standoff with security forces, a member of the group said.",World,World,True
3776,South Dakota Sen. Race Deemed Most Costly (AP). AP - The South Dakota race that will determine whether Senate Democratic leader Tom Daschle stays on Capitol Hill is the costliest congressional election so far this year.,World,World,True
3783,Scientists create smart phone that doubles as your nanny. Scientists at the Massachusetts Institute of Technology (MIT) are working on software that will get to know you as well as your best mate - and even offers you advice.,SciTech,SciTech,True
3789,"Another Soldier From Md. Is Killed in Iraq.  Erik W. Hayes told friends and family that he joined the U.S. Army to help save money for his future. And just last week, that future seemed more certain: He sent an e-mail from Iraq telling friends that he wanted to become an emergency medical technician when he returned to Maryland.",World,World,True
3791,"Apple snaps at Vaio Pocket with iPod Photo. Apple today peeled the wraps off its latest iPod, promising that the iPod Photo will allow customers to take their entire music and photo library with them wherever they go.",SciTech,SciTech,True
3792,"NBA Game Summary - LA Lakers at Sacramento. Sacramento, CA (Sports Network) - Kobe Bryant tallied 31 points, 12 assists and six rebounds to lead the Los Angeles Lakers to a 115-99 victory over the Sacramento Kings at ARCO Arena.",Sports,Sports,True
3795,"Hamas Gunmen Kill Alleged Collaborator in Gaza.  GAZA (Reuters) - Hamas gunmen on Saturday killed a young  Palestinian they accused of helping Israel assassinate Hamas  leader Sheikh Ahmed Yassin and other militants, calling it a  warning to others not to collaborate with Israel.",World,World,True
3797,"Out for 7 months. FORMER Chelsea striker Adrian Mutu was banned seven months and fined 20,000 ( $61,000) by the Football Association yesterday for failing a drugs test.",Sports,Sports,True
3799,"Muslims held after Spanish raids. Police hold seven suspected Islamic militants after raids across Spain, judicial sources say.",World,World,True
3805,"Henkel exchanges its Clorox stake against Clorox consumer &lt;b&gt;...&lt;/b&gt;. On October 6, 2004 Henkel KGaA, Dsseldorf and The Clorox Company, Oakland, California, USA, have signed an agreement pursuant to which Henkel will exchange its entire 28.",Business,Business,True
3810,Ukraine Opposition Leader Defiant After Poisoning.  KIEV (Reuters) - Ukrainian presidential hopeful Viktor  Yushchenko returned to campaigning Saturday in a defiant mood  after recovering from what his supporters said was an attempt  by authorities to poison him.,World,World,True
3811,New Trojan Spams SMS. The Delf-HA Trojan horse infects PCs and then contacts a Russian Web site to download instructions for running a spam campaign. The Trojan sends spam SMS by using the  quot;Send a text message quot; facility,SciTech,SciTech,True
3814,"Google for the scholarly community. The Internet search giant Google Inc. on late Wednesday unveiled Google Scholar, its next service aimed at listing scholarly literature such as theses, books and technical reports that appears to be most relevant to a search request.",SciTech,SciTech,True
3816,"Delta Pilot Pay Cuts May Not Be Enough. Delta Air Lines Inc. Chief Executive Gerald Grinstein yesterday said that even if the carrier #39;s pilots approve a  $1 billion cost-cutting agreement, the airline may still have to seek Chapter 11 bankruptcy protection.",Business,Business,True
3824,"GE to sell 60 of Indian BPO operation. GE is selling a 60 stake in GE Capital International Services, its business process outsourcing subsidiary in India, for about  $500 million.",Business,SciTech,True
3826,Hints About Water Loss in the Martian Atmosphere. European Space Agency -- Recent results from the ASPERA-3 instrument on board Mars Express confirm that a very efficient process is at work in the Martian atmosphere which could explain the loss of water.     Water is believed to have once been abundant on the Red Planet...,SciTech,SciTech,True
3830,"Mount St. Helens Erupts After 18 Years (AP). AP - Mount St. Helens, the volcano that blew its top with cataclysmic force in 1980, erupted for the first time in 18 years Friday, belching a huge column of white steam and ash after days of rumblings under the mountain.",World,SciTech,True
3835,"Rouse Jumps on General Growth Buyout. Commercial real-estate developer Rouse (RSE ) agreed to be acquired by General Growth Properties (GGP ), the No. 2 US shopping-mall owner, in a  $12.6 billion deal, which includes the assumption of  $5.4 billion of existing debt. Terms:  $67.50 cash per ...",Business,Business,True
3846,Revelations Only Confirm Suspicions About Drugs. Only the nave or willfully ignorant seem not to understand that drug use has been widespread for many years in elite sport.,SciTech,Sports,True
3854,United to call on youngsters. Manchester United are set to name a second string side to face Fenerbahce in the Champions League. United have already sealed their path into the knockout stages of the competition and manager Sir Alex Ferguson,Sports,Sports,True
3859,Kyoto pressures Korea for action. Russia #39;s approval of the Kyoto Protocol this month released the brakes for an agreement that has been under international negotiations since 1997.,World,SciTech,True
3864,Boxing: Khan will keep feet on ground. TEENAGE boxing sensation Amir Khan punched is way to an Olympic silver medal yesterday - then worried about his homework and passing his driving test.,Sports,Sports,True
3870,"MP3 Creator Warns Tech Impasse Dooming Downloads.  BERLIN (Reuters) - Rival technologies that baffle consumers  will run more companies out of business in the nascent music  download market than will head-to-head competition, one of the  lead creators of MP3 playback technology warned on Wednesday.",SciTech,SciTech,True
3871,"NATO seeks to boost image in Middle East. Middle East. But the results have been patchy, with many in the Arab world regarding it as a. and social reforms in the Middle East and Africa.",World,World,True
3874,Raptors' Carter Placed on Injured List (Reuters). Reuters - Toronto Raptors All-Star swingman Vince Carter was placed on the injured list Friday after tests revealed a mild strain of his left Achilles' tendon.,Sports,Sports,True
3884,Custis Takes Control. Family and Tony Robbins have matured and molded University of Maryland free safety Ray Custis into a trusted leader and anchor of the Terrapins' defense.,Sports,Sports,True
3888,Jakarta Hunts Islamic Militants After Embassy Attack.  JAKARTA (Reuters) - Indonesian police launched a nationwide  manhunt on Friday for al Qaeda-linked militants blamed for a  suicide car bomb attack outside the Australian embassy that  jolted both countries ahead of elections.,World,World,True
3890,"Time Warner and Comcast Discuss Bid for Adelphia. Comcast said it was in talks with Time Warner to make a joint bid for Adelphia, which has been operating under bankruptcy protection.",Business,Business,True
3893,"Jackson tried but failed to trade a defiant Kobe--report. Get INQ7 breaking news on your Smart mobile phone in the Philippines. Send INQ7 BREAKING to 386. LOS ANGELES, California, United States of America -- Phil Jackson painted Kobe Bryant as a pampered star who",Sports,Sports,True
3897,"German welfare rallies escalate. Eastern Germany sees more mass protests over welfare cuts, with smaller rallies in western cities.",World,Business,True
3899,"Shaq and Kobe eager to show who is the better team leader (AFP). AFP - Unable to set aside their differences in Los Angeles, Kobe Bryant and Shaquille O'Neal will now be facing new challenges with teams on either side of the continent.",Sports,Sports,True
3900,"Europe favourites for 2006, insists  #39;Mr Ryder Cup #39;. COLIN Montgomerie has taken pride in the certainty that Europe will go into the next Ryder Cup match at the K Club against the United States as favourites for the first time.",Sports,Sports,True
3909,"Suspected Islamic insurgents kill 16 people in attack near &lt;b&gt;...&lt;/b&gt;. Suspected Islamic militants killed 16 people in a pre-dawn attack south of the Algerian capital on Saturday, an official statement said.",World,World,True
3915,Oil Climbing Back Up After Supply Report.  LONDON (Reuters) - Oil prices rebounded from seven-week  lows on Wednesday as U.S. heating oil stocks fell for an eighth  straight week ahead of winter.,Business,Business,True
3917,Senor Moment?. The Mets are close to signing Red Sox free agent Pedro Martinez to a long-term deal. All that #39;s left for Pedro is passing the physical and being fitted for a batting helmet that can cover his entire body.,Sports,Sports,True
3919,"Commercial Demand and Europeans Drive PC Sales. By MARK JEWELL    BOSTON (AP) -- Worldwide shipments of personal computers grew nearly 12 percent in the third quarter, driven by strong European sales and rising commercial demand, according to IDC, a research company that tracks shipments.    A PC shipments report released Monday by another firm, Gartner, Inc., reported quarterly growth of 9.7 percent, with lower-than-expected U.S...",Business,SciTech,True
3933,Hungary in second gold row. Adrian Annus faces the threat of becoming the second Hungarian athlete to be stripped of a gold medal after he failed to show up for a drugs test yesterday.,Sports,Sports,True
3934,"Florida Judge: Recount Votes. A state rule barring Florida counties with touch-screen voting from conducting manual recounts is at odds with state law, according to an administrative law judge ruling in a lawsuit against the state.",World,SciTech,True
3940,Report lays part of blame for Concorde crash on Continental Airlines (AFP). AFP - A French legal inquiry into the July 2000 Concorde crash outside Paris that killed 113 people presented findings Tuesday that put part of the blame on the US airline Continental.,World,World,True
3942,"Intel shifts course on processors. Intel Corp. took a huge step Tuesday away from its usual strategy of pushing the need for speed, announcing that it will offer microprocessors with dual cores across all product lines starting next year.",SciTech,SciTech,True
3946,"Apple Sells 200 Million Songs on ITunes. Apple Computer Inc. (AAPL.O: Quote, Profile, Research) on Thursday said sales of songs bought from its market-leading iTunes online music store had topped 200 million, a figure that",SciTech,SciTech,True
3955,"Earthquake Jolts Northern Italy, Injuring 9. An earthquake measuring about 5.2 on the Richter scale shook northern Italy from the Tyrrhenian to the Adriatic seas in the night to Thursday, causing panic and injuring at least nine people.",World,World,True
3962,Fan With Bonds' Ball Attended Same H.S. (AP). AP - The fan who retrieved Barry Bonds' 700th home run attended the same private Catholic high school as the slugger  #151; Serra High in nearby San Mateo.,Sports,Sports,True
3964,"Luis Garcia becomes latest Liverpool casualty. Liverpool, England (Sports Network) - Liverpool midfielder Luis Garcia pulled his hamstring during Tuesday #39;s 1-0 loss to Monaco in Champions League action and will be out of action for about a month.",Sports,Sports,True
3965,Coke is it: BHP coal to double. BHP Billiton plans an aggressive  $US1.5-2 billion ( $2.1-2.8 billion) near-doubling of its coking coal production over the next five years to meet the China-inspired surge in demand for carbon steel-making materials through mine expansions and developments,Business,Business,True
3966,"A balancing act: Australia #39;s diplomatic relations. HAMISH ROBERTSON: The Foreign Minister, Alexander Downer, sparked quite an argument last week with his comments in Beijing about whether Australia would side with the United States in any war over Taiwan.",World,World,True
3971,"Red Hat Appoints New CFO. September 2, 2004 -- (WEB HOST INDUSTRY REVIEW) -- Linux distributor Red Hat (redhat.com) announced on Thursday that it has appointed Charles E. Peters, Jr.",SciTech,SciTech,True
3980,"Japanese Bonds Fall as US Sales Figures Cool Export Concern. Japanese 10-year bonds fell after a US report showed retail sales rose more than economists expected last month, damping concern demand for Japan #39;s goods will slow.",Business,Business,True
3995,"Caution Dampens Spirit at Cannes Tech Conference.  CANNES, France (Reuters) - Concerns about soaring oil  prices and terrorism have injected fresh caution into global  markets over the last six months, executives and investors said  at a technology conference in Cannes.",Business,SciTech,True
